Pseudomonas_syringae_7928A_6990	ref|WP_032656593.1|	74.510	612	619	624	1	599	1	610	0.0	863	97
Pseudomonas_syringae_7928A_6990	ref|WP_024693886.1|	74.346	612	619	624	1	599	1	610	0.0	859	97
Pseudomonas_syringae_7928A_6990	ref|WP_024658146.1|	71.778	613	619	625	1	599	1	611	0.0	833	97
Pseudomonas_syringae_7928A_6990	ref|WP_024649699.1|	78.824	425	619	510	1	418	1	425	0.0	634	97
Pseudomonas_syringae_7928A_6990	ref|WP_024649699.1|	48.123	293	619	510	320	599	206	496	4.18e-79	250	97
Pseudomonas_syringae_7928A_6990	ref|WP_024639976.1|	75.758	66	619	487	1	66	1	66	6.91e-27	103	11
Pseudomonas_syringae_7928A_6990	ref|WP_005768002.1|	64.198	81	619	486	1	81	1	80	1.91e-26	102	13
Pseudomonas_syringae_CFBP_8692_12247	ref|WP_024674765.1|	86.174	528	529	553	2	529	27	553	0.0	907	99
Pseudomonas_syringae_CFBP_8692_12247	ref|WP_024639976.1|	95.000	160	529	487	1	160	26	185	8.56e-104	311	30
Pseudomonas_syringae_CFBP_8692_12247	ref|WP_005896706.1|	89.308	159	529	486	2	160	27	185	1.73e-95	290	30
Pseudomonas_syringae_CFBP_8692_12247	ref|WP_005768002.1|	87.421	159	529	486	2	160	27	185	5.23e-94	286	30
Pseudomonas_syringae_CFBP_8692_12247	ref|WP_024649699.1|	62.500	40	529	510	2	41	27	66	7.40e-11	53.5	8
Pseudomonas_syringae_CFBP_8692_12247	ref|WP_024693886.1|	62.500	40	529	624	2	41	27	66	9.75e-11	53.1	8
Pseudomonas_syringae_pv_tomato_BRIP38746_11422	ref|WP_005768002.1|	99.794	486	486	486	1	486	1	486	0.0	979	100
Pseudomonas_syringae_pv_tomato_BRIP38746_11422	ref|WP_024639976.1|	89.322	487	486	487	1	486	1	487	0.0	891	100
Pseudomonas_syringae_pv_tomato_BRIP38746_11422	ref|WP_005896706.1|	90.123	486	486	486	1	486	1	486	0.0	886	100
Pseudomonas_syringae_pv_tomato_BRIP38746_11422	ref|WP_024674765.1|	88.108	185	486	553	1	185	1	185	3.64e-112	333	38
Pseudomonas_syringae_pv_tomato_BRIP38746_11422	ref|WP_027901668.1|	48.315	356	486	360	138	486	28	360	1.63e-100	297	100
Pseudomonas_syringae_pv_tomato_BRIP38746_11422	ref|WP_027901668.1|	35.714	168	486	360	1	164	1	157	4.63e-20	81.3	100
Pseudomonas_syringae_pv_tomato_BRIP38746_11422	ref|WP_027901669.1|	46.961	362	486	367	138	486	28	367	1.26e-96	287	100
Pseudomonas_syringae_pv_tomato_BRIP38746_11422	ref|WP_027901669.1|	38.667	150	486	367	1	144	1	150	1.28e-23	92.0	100
Pseudomonas_syringae_R1079_7297	ref|WP_032656593.1|	74.510	612	619	624	1	599	1	610	0.0	863	97
Pseudomonas_syringae_R1079_7297	ref|WP_024693886.1|	74.346	612	619	624	1	599	1	610	0.0	859	97
Pseudomonas_syringae_R1079_7297	ref|WP_024658146.1|	71.778	613	619	625	1	599	1	611	0.0	833	97
Pseudomonas_syringae_R1079_7297	ref|WP_024649699.1|	78.824	425	619	510	1	418	1	425	0.0	634	97
Pseudomonas_syringae_R1079_7297	ref|WP_024649699.1|	48.123	293	619	510	320	599	206	496	4.18e-79	250	97
Pseudomonas_syringae_R1079_7297	ref|WP_024639976.1|	75.758	66	619	487	1	66	1	66	6.91e-27	103	11
Pseudomonas_syringae_R1079_7297	ref|WP_005768002.1|	64.198	81	619	486	1	81	1	80	1.91e-26	102	13
Pseudomonas_syringae_pv_actinidiae_str_Shaanxi_M228_11439	ref|WP_024658146.1|	95.200	625	625	625	1	625	1	625	0.0	1205	100
Pseudomonas_syringae_pv_actinidiae_str_Shaanxi_M228_11439	ref|WP_032656593.1|	85.897	624	625	624	1	624	1	623	0.0	1062	99
Pseudomonas_syringae_pv_actinidiae_str_Shaanxi_M228_11439	ref|WP_024693886.1|	85.417	624	625	624	1	624	1	623	0.0	1055	99
Pseudomonas_syringae_pv_actinidiae_str_Shaanxi_M228_11439	ref|WP_024649699.1|	71.759	432	625	510	1	425	1	425	0.0	592	100
Pseudomonas_syringae_pv_actinidiae_str_Shaanxi_M228_11439	ref|WP_024649699.1|	82.026	306	625	510	320	625	206	510	1.09e-177	504	100
Pseudomonas_syringae_pv_actinidiae_str_Shaanxi_M228_11439	ref|WP_005768002.1|	67.901	81	625	486	1	81	1	80	2.77e-28	108	13
Pseudomonas_syringae_pv_actinidiae_str_Shaanxi_M228_11439	ref|WP_005896706.1|	77.273	66	625	486	1	66	1	66	1.08e-27	106	11
Pseudomonas_syringae_pv_actinidiae_PSAAH01_20743	ref|WP_024658146.1|	95.360	625	625	625	1	625	1	625	0.0	1207	100
Pseudomonas_syringae_pv_actinidiae_PSAAH01_20743	ref|WP_032656593.1|	86.058	624	625	624	1	624	1	623	0.0	1064	99
Pseudomonas_syringae_pv_actinidiae_PSAAH01_20743	ref|WP_024693886.1|	85.577	624	625	624	1	624	1	623	0.0	1056	99
Pseudomonas_syringae_pv_actinidiae_PSAAH01_20743	ref|WP_024649699.1|	71.991	432	625	510	1	425	1	425	0.0	595	100
Pseudomonas_syringae_pv_actinidiae_PSAAH01_20743	ref|WP_024649699.1|	82.026	306	625	510	320	625	206	510	9.79e-178	505	100
Pseudomonas_syringae_pv_actinidiae_PSAAH01_20743	ref|WP_005768002.1|	69.136	81	625	486	1	81	1	80	6.50e-29	110	13
Pseudomonas_syringae_pv_actinidiae_PSAAH01_20743	ref|WP_005896706.1|	78.788	66	625	486	1	66	1	66	2.55e-28	108	11
Pseudomonas_syringae_pv_actinidifoliorum_ICMP_18803_20753	ref|WP_024658146.1|	94.720	625	625	625	1	625	1	625	0.0	1181	100
Pseudomonas_syringae_pv_actinidifoliorum_ICMP_18803_20753	ref|WP_032656593.1|	86.378	624	625	624	1	624	1	623	0.0	1069	99
Pseudomonas_syringae_pv_actinidifoliorum_ICMP_18803_20753	ref|WP_024693886.1|	85.737	624	625	624	1	624	1	623	0.0	1060	99
Pseudomonas_syringae_pv_actinidifoliorum_ICMP_18803_20753	ref|WP_024649699.1|	72.222	432	625	510	1	425	1	425	0.0	595	100
Pseudomonas_syringae_pv_actinidifoliorum_ICMP_18803_20753	ref|WP_024649699.1|	81.046	306	625	510	320	625	206	510	2.41e-176	501	100
Pseudomonas_syringae_pv_actinidifoliorum_ICMP_18803_20753	ref|WP_005768002.1|	67.901	81	625	486	1	81	1	80	2.58e-28	108	13
Pseudomonas_syringae_pv_actinidifoliorum_ICMP_18803_20753	ref|WP_005896706.1|	77.273	66	625	486	1	66	1	66	1.14e-27	106	11
Pseudomonas_syringae_pv_tagetis_ICMP_4091_14835	ref|WP_024649699.1|	93.529	510	510	510	1	510	1	510	0.0	953	100
Pseudomonas_syringae_pv_tagetis_ICMP_4091_14835	ref|WP_024693886.1|	74.825	429	510	624	1	423	1	422	0.0	616	99
Pseudomonas_syringae_pv_tagetis_ICMP_4091_14835	ref|WP_024693886.1|	75.316	316	510	624	194	509	308	623	4.26e-165	472	99
Pseudomonas_syringae_pv_tagetis_ICMP_4091_14835	ref|WP_032656593.1|	74.592	429	510	624	1	423	1	422	0.0	615	99
Pseudomonas_syringae_pv_tagetis_ICMP_4091_14835	ref|WP_032656593.1|	76.266	316	510	624	194	509	308	623	9.27e-168	479	99
Pseudomonas_syringae_pv_tagetis_ICMP_4091_14835	ref|WP_024658146.1|	72.454	432	510	625	1	425	1	425	0.0	598	100
Pseudomonas_syringae_pv_tagetis_ICMP_4091_14835	ref|WP_024658146.1|	81.447	318	510	625	194	510	308	625	0.0	517	100
Pseudomonas_syringae_pv_tagetis_ICMP_4091_14835	ref|WP_024639976.1|	72.727	66	510	487	1	66	1	66	2.07e-26	101	13
Pseudomonas_syringae_pv_tagetis_ICMP_4091_14835	ref|WP_005768002.1|	62.963	81	510	486	1	81	1	80	2.71e-26	101	16
Pseudomonas_syringae_isolate_CFBP3840_6707	ref|WP_024693886.1|	96.154	624	624	624	1	624	1	624	0.0	1212	100
Pseudomonas_syringae_isolate_CFBP3840_6707	ref|WP_032656593.1|	95.673	624	624	624	1	624	1	624	0.0	1208	100
Pseudomonas_syringae_isolate_CFBP3840_6707	ref|WP_024658146.1|	86.218	624	624	625	1	623	1	624	0.0	1081	99
Pseudomonas_syringae_isolate_CFBP3840_6707	ref|WP_024649699.1|	76.224	429	624	510	1	422	1	423	0.0	622	99
Pseudomonas_syringae_isolate_CFBP3840_6707	ref|WP_024649699.1|	78.947	304	624	510	320	623	206	509	6.34e-173	493	99
Pseudomonas_syringae_isolate_CFBP3840_6707	ref|WP_024639976.1|	74.242	66	624	487	1	66	1	66	2.09e-26	102	11
Pseudomonas_syringae_isolate_CFBP3840_6707	ref|WP_005768002.1|	62.963	81	624	486	1	81	1	80	5.86e-26	101	13
Pseudomonas_syringae_pv_maculicola_str_ES4326_12204	ref|WP_005768002.1|	94.318	440	440	486	1	440	47	486	0.0	847	100
Pseudomonas_syringae_pv_maculicola_str_ES4326_12204	ref|WP_024639976.1|	88.662	441	440	487	1	440	47	487	0.0	801	100
Pseudomonas_syringae_pv_maculicola_str_ES4326_12204	ref|WP_005896706.1|	89.545	440	440	486	1	440	47	486	0.0	797	100
Pseudomonas_syringae_pv_maculicola_str_ES4326_12204	ref|WP_027901668.1|	49.008	353	440	360	92	440	28	360	7.49e-103	301	79
Pseudomonas_syringae_pv_maculicola_str_ES4326_12204	ref|WP_027901669.1|	45.404	359	440	367	92	440	28	367	5.00e-96	284	79
Pseudomonas_syringae_pv_maculicola_str_ES4326_12204	ref|WP_024674765.1|	86.331	139	440	553	1	139	47	185	3.61e-80	249	32
Pseudomonas_syringae_pv_maculicola_M4a_3822	ref|WP_005768002.1|	99.588	486	486	486	1	486	1	486	0.0	977	100
Pseudomonas_syringae_pv_maculicola_M4a_3822	ref|WP_024639976.1|	89.117	487	486	487	1	486	1	487	0.0	889	100
Pseudomonas_syringae_pv_maculicola_M4a_3822	ref|WP_005896706.1|	89.918	486	486	486	1	486	1	486	0.0	885	100
Pseudomonas_syringae_pv_maculicola_M4a_3822	ref|WP_024674765.1|	87.568	185	486	553	1	185	1	185	2.90e-111	331	38
Pseudomonas_syringae_pv_maculicola_M4a_3822	ref|WP_027901668.1|	48.315	356	486	360	138	486	28	360	1.95e-100	296	100
Pseudomonas_syringae_pv_maculicola_M4a_3822	ref|WP_027901668.1|	35.119	168	486	360	1	164	1	157	2.09e-19	79.3	100
Pseudomonas_syringae_pv_maculicola_M4a_3822	ref|WP_027901669.1|	46.961	362	486	367	138	486	28	367	1.48e-96	287	100
Pseudomonas_syringae_pv_maculicola_M4a_3822	ref|WP_027901669.1|	38.000	150	486	367	1	144	1	150	6.32e-23	89.7	100
Pseudomonas_syringae_BS2732_5563	ref|WP_024658146.1|	89.280	625	625	625	1	625	1	625	0.0	1115	100
Pseudomonas_syringae_BS2732_5563	ref|WP_032656593.1|	84.295	624	625	624	1	624	1	623	0.0	1038	99
Pseudomonas_syringae_BS2732_5563	ref|WP_024693886.1|	84.295	624	625	624	1	624	1	623	0.0	1036	99
Pseudomonas_syringae_BS2732_5563	ref|WP_024649699.1|	72.454	432	625	510	1	425	1	425	0.0	595	100
Pseudomonas_syringae_BS2732_5563	ref|WP_024649699.1|	81.373	306	625	510	320	625	206	510	1.48e-177	504	100
Pseudomonas_syringae_BS2732_5563	ref|WP_005896706.1|	65.432	81	625	486	1	81	1	80	3.05e-27	105	13
Pseudomonas_syringae_BS2732_5563	ref|WP_005768002.1|	65.432	81	625	486	1	81	1	80	5.76e-27	104	13
Pseudomonas_syringae_Psy33_20718	ref|WP_024649699.1|	99.804	510	510	510	1	510	1	510	0.0	1033	100
Pseudomonas_syringae_Psy33_20718	ref|WP_024693886.1|	75.991	429	510	624	1	423	1	422	0.0	618	99
Pseudomonas_syringae_Psy33_20718	ref|WP_024693886.1|	75.987	304	510	624	206	509	320	623	1.05e-159	458	99
Pseudomonas_syringae_Psy33_20718	ref|WP_032656593.1|	75.758	429	510	624	1	423	1	422	0.0	617	99
Pseudomonas_syringae_Psy33_20718	ref|WP_032656593.1|	76.316	304	510	624	206	509	320	623	6.71e-161	461	99
Pseudomonas_syringae_Psy33_20718	ref|WP_024658146.1|	73.380	432	510	625	1	425	1	425	0.0	600	100
Pseudomonas_syringae_Psy33_20718	ref|WP_024658146.1|	83.007	306	510	625	206	510	320	625	4.29e-179	508	100
Pseudomonas_syringae_Psy33_20718	ref|WP_024639976.1|	74.242	66	510	487	1	66	1	66	8.33e-27	103	13
Pseudomonas_syringae_Psy33_20718	ref|WP_005768002.1|	62.963	81	510	486	1	81	1	80	2.51e-26	101	16
Pseudomonas_syringae_Pss9656_6144	ref|WP_024649699.1|	99.804	510	510	510	1	510	1	510	0.0	1033	100
Pseudomonas_syringae_Pss9656_6144	ref|WP_024693886.1|	75.991	429	510	624	1	423	1	422	0.0	618	99
Pseudomonas_syringae_Pss9656_6144	ref|WP_024693886.1|	75.987	304	510	624	206	509	320	623	1.05e-159	458	99
Pseudomonas_syringae_Pss9656_6144	ref|WP_032656593.1|	75.758	429	510	624	1	423	1	422	0.0	617	99
Pseudomonas_syringae_Pss9656_6144	ref|WP_032656593.1|	76.316	304	510	624	206	509	320	623	6.71e-161	461	99
Pseudomonas_syringae_Pss9656_6144	ref|WP_024658146.1|	73.380	432	510	625	1	425	1	425	0.0	600	100
Pseudomonas_syringae_Pss9656_6144	ref|WP_024658146.1|	83.007	306	510	625	206	510	320	625	4.29e-179	508	100
Pseudomonas_syringae_Pss9656_6144	ref|WP_024639976.1|	74.242	66	510	487	1	66	1	66	8.33e-27	103	13
Pseudomonas_syringae_Pss9656_6144	ref|WP_005768002.1|	62.963	81	510	486	1	81	1	80	2.51e-26	101	16
Pseudomonas_syringae_PA-5-3G_17692	ref|WP_024658146.1|	89.440	625	625	625	1	625	1	625	0.0	1121	100
Pseudomonas_syringae_PA-5-3G_17692	ref|WP_032656593.1|	88.462	624	625	624	1	624	1	623	0.0	1082	99
Pseudomonas_syringae_PA-5-3G_17692	ref|WP_024693886.1|	88.462	624	625	624	1	624	1	623	0.0	1081	99
Pseudomonas_syringae_PA-5-3G_17692	ref|WP_024649699.1|	75.926	432	625	510	1	425	1	425	0.0	619	100
Pseudomonas_syringae_PA-5-3G_17692	ref|WP_024649699.1|	81.699	306	625	510	320	625	206	510	2.52e-177	504	100
Pseudomonas_syringae_PA-5-3G_17692	ref|WP_024639976.1|	74.242	66	625	487	1	66	1	66	1.97e-26	102	11
Pseudomonas_syringae_PA-5-3G_17692	ref|WP_005768002.1|	62.963	81	625	486	1	81	1	80	5.42e-26	101	13
Pseudomonas_syringae_Pss9654_5872	ref|WP_032656593.1|	99.519	624	624	624	1	624	1	624	0.0	1252	100
Pseudomonas_syringae_Pss9654_5872	ref|WP_024693886.1|	98.558	624	624	624	1	624	1	624	0.0	1241	100
Pseudomonas_syringae_Pss9654_5872	ref|WP_024658146.1|	85.096	624	624	625	1	623	1	624	0.0	1068	99
Pseudomonas_syringae_Pss9654_5872	ref|WP_024649699.1|	75.758	429	624	510	1	422	1	423	0.0	617	99
Pseudomonas_syringae_Pss9654_5872	ref|WP_024649699.1|	75.987	304	624	510	320	623	206	509	6.05e-168	480	99
Pseudomonas_syringae_Pss9654_5872	ref|WP_024639976.1|	74.242	66	624	487	1	66	1	66	1.86e-26	102	11
Pseudomonas_syringae_Pss9654_5872	ref|WP_005768002.1|	62.963	81	624	486	1	81	1	80	5.65e-26	101	13
Pseudomonas_syringae_PsA1M246_17694	ref|WP_032656593.1|	74.183	612	619	624	1	599	1	610	0.0	863	97
Pseudomonas_syringae_PsA1M246_17694	ref|WP_024693886.1|	74.020	612	619	624	1	599	1	610	0.0	860	97
Pseudomonas_syringae_PsA1M246_17694	ref|WP_024658146.1|	71.941	613	619	625	1	599	1	611	0.0	836	97
Pseudomonas_syringae_PsA1M246_17694	ref|WP_024649699.1|	77.262	431	619	510	1	424	1	431	0.0	629	97
Pseudomonas_syringae_PsA1M246_17694	ref|WP_024649699.1|	49.147	293	619	510	320	599	206	496	4.64e-82	258	97
Pseudomonas_syringae_PsA1M246_17694	ref|WP_024639976.1|	74.242	66	619	487	1	66	1	66	2.41e-26	102	11
Pseudomonas_syringae_PsA1M246_17694	ref|WP_005768002.1|	62.963	81	619	486	1	81	1	80	6.35e-26	101	13
Pseudomonas_syringae_PA-2-9E_17695	ref|WP_032656593.1|	77.393	606	619	624	1	599	7	610	0.0	911	97
Pseudomonas_syringae_PA-2-9E_17695	ref|WP_024693886.1|	77.393	606	619	624	1	599	7	610	0.0	910	97
Pseudomonas_syringae_PA-2-9E_17695	ref|WP_024658146.1|	75.453	607	619	625	1	599	7	611	0.0	889	97
Pseudomonas_syringae_PA-2-9E_17695	ref|WP_024649699.1|	73.412	425	619	510	1	418	7	425	0.0	591	97
Pseudomonas_syringae_PA-2-9E_17695	ref|WP_024649699.1|	62.116	293	619	510	314	599	206	496	6.89e-116	346	97
Pseudomonas_syringae_PA-2-9E_17695	ref|WP_024674765.1|	65.333	75	619	553	1	75	7	80	2.09e-23	93.6	12
Pseudomonas_syringae_PA-2-9E_17695	ref|WP_005896706.1|	75.000	60	619	486	1	60	7	66	5.13e-23	92.0	10
Pseudomonas_syringae_psy100_6403	ref|WP_024639976.1|	87.229	462	461	487	1	461	26	487	0.0	828	100
Pseudomonas_syringae_psy100_6403	ref|WP_005768002.1|	86.304	460	461	486	2	461	27	486	0.0	816	99
Pseudomonas_syringae_psy100_6403	ref|WP_005896706.1|	83.043	460	461	486	2	461	27	486	0.0	776	99
Pseudomonas_syringae_psy100_6403	ref|WP_027901668.1|	55.229	306	461	360	160	461	73	360	1.07e-103	304	85
Pseudomonas_syringae_psy100_6403	ref|WP_027901668.1|	35.556	90	461	360	3	90	28	112	2.37e-10	51.2	85
Pseudomonas_syringae_psy100_6403	ref|WP_027901669.1|	47.472	356	461	367	113	461	28	367	5.51e-101	297	99
Pseudomonas_syringae_psy100_6403	ref|WP_027901669.1|	31.405	121	461	367	3	117	28	148	7.97e-10	49.7	99
Pseudomonas_syringae_psy100_6403	ref|WP_024674765.1|	80.503	159	461	553	2	160	27	185	3.72e-85	262	34
Pseudomonas_syringae_PA-5-3F_17693	ref|WP_024674765.1|	84.496	258	390	553	133	390	296	553	2.25e-149	425	100
Pseudomonas_syringae_PA-5-3F_17693	ref|WP_024674765.1|	95.000	140	390	553	1	140	47	186	1.22e-91	276	100
Pseudomonas_syringae_PA-5-3F_17693	ref|WP_024639976.1|	94.964	139	390	487	1	139	47	185	2.69e-90	271	36
Pseudomonas_syringae_PA-5-3F_17693	ref|WP_005896706.1|	75.581	172	390	486	1	172	47	202	1.63e-83	254	44
Pseudomonas_syringae_PA-5-3F_17693	ref|WP_005768002.1|	87.050	139	390	486	1	139	47	185	3.00e-81	248	36
Pseudomonas_syringae_Kozan_2015_1_17562	ref|WP_024639976.1|	95.238	462	461	487	1	461	26	487	0.0	893	100
Pseudomonas_syringae_Kozan_2015_1_17562	ref|WP_005768002.1|	89.348	460	461	486	2	461	27	486	0.0	851	99
Pseudomonas_syringae_Kozan_2015_1_17562	ref|WP_005896706.1|	89.783	460	461	486	2	461	27	486	0.0	832	99
Pseudomonas_syringae_Kozan_2015_1_17562	ref|WP_027901668.1|	53.094	307	461	360	160	461	73	360	1.36e-101	298	93
Pseudomonas_syringae_Kozan_2015_1_17562	ref|WP_027901668.1|	28.462	130	461	360	3	130	28	144	9.75e-11	52.4	93
Pseudomonas_syringae_Kozan_2015_1_17562	ref|WP_024674765.1|	91.195	159	461	553	2	160	27	185	1.50e-97	295	34
Pseudomonas_syringae_Kozan_2015_1_17562	ref|WP_027901669.1|	42.931	389	461	367	87	461	8	367	4.80e-95	282	99
Pseudomonas_syringae_Kozan_2015_1_17562	ref|WP_027901669.1|	33.333	123	461	367	3	119	28	150	1.03e-10	52.4	99
Pseudomonas_syringae_31R1_5320	ref|WP_024639976.1|	94.805	462	461	487	1	461	26	487	0.0	891	100
Pseudomonas_syringae_31R1_5320	ref|WP_005768002.1|	89.130	460	461	486	2	461	27	486	0.0	848	99
Pseudomonas_syringae_31R1_5320	ref|WP_005896706.1|	88.913	460	461	486	2	461	27	486	0.0	825	99
Pseudomonas_syringae_31R1_5320	ref|WP_027901668.1|	49.288	351	461	360	113	461	28	360	7.16e-104	305	99
Pseudomonas_syringae_31R1_5320	ref|WP_027901668.1|	28.462	130	461	360	3	130	28	144	1.20e-11	55.5	99
Pseudomonas_syringae_31R1_5320	ref|WP_024674765.1|	88.679	159	461	553	2	160	27	185	4.01e-96	291	34
Pseudomonas_syringae_31R1_5320	ref|WP_027901669.1|	48.632	329	461	367	150	461	64	367	5.14e-96	285	93
Pseudomonas_syringae_31R1_5320	ref|WP_027901669.1|	31.707	123	461	367	3	119	28	150	4.03e-11	53.5	93
Pseudomonas_syringae_MUP17_20728	ref|WP_024639976.1|	94.805	462	461	487	1	461	26	487	0.0	887	100
Pseudomonas_syringae_MUP17_20728	ref|WP_005768002.1|	88.913	460	461	486	2	461	27	486	0.0	846	99
Pseudomonas_syringae_MUP17_20728	ref|WP_005896706.1|	89.565	460	461	486	2	461	27	486	0.0	829	99
Pseudomonas_syringae_MUP17_20728	ref|WP_027901668.1|	48.588	354	461	360	113	461	28	360	1.08e-100	296	94
Pseudomonas_syringae_MUP17_20728	ref|WP_027901668.1|	37.500	88	461	360	3	88	28	110	6.72e-11	53.1	94
Pseudomonas_syringae_MUP17_20728	ref|WP_024674765.1|	91.824	159	461	553	2	160	27	185	1.25e-98	297	34
Pseudomonas_syringae_MUP17_20728	ref|WP_027901669.1|	47.239	326	461	367	150	461	64	367	2.01e-94	280	93
Pseudomonas_syringae_MUP17_20728	ref|WP_027901669.1|	32.258	124	461	367	3	120	28	151	4.45e-11	53.5	93
Pseudomonas_syringae_KCTC_12500_26106	ref|WP_024639976.1|	94.805	462	461	487	1	461	26	487	0.0	889	100
Pseudomonas_syringae_KCTC_12500_26106	ref|WP_005768002.1|	89.565	460	461	486	2	461	27	486	0.0	851	99
Pseudomonas_syringae_KCTC_12500_26106	ref|WP_005896706.1|	90.217	460	461	486	2	461	27	486	0.0	835	99
Pseudomonas_syringae_KCTC_12500_26106	ref|WP_027901668.1|	53.094	307	461	360	160	461	73	360	1.43e-101	298	93
Pseudomonas_syringae_KCTC_12500_26106	ref|WP_027901668.1|	29.231	130	461	360	3	130	28	144	5.24e-11	53.1	93
Pseudomonas_syringae_KCTC_12500_26106	ref|WP_024674765.1|	92.453	159	461	553	2	160	27	185	2.12e-98	297	34
Pseudomonas_syringae_KCTC_12500_26106	ref|WP_027901669.1|	42.931	389	461	367	87	461	8	367	4.69e-95	282	99
Pseudomonas_syringae_KCTC_12500_26106	ref|WP_027901669.1|	33.333	123	461	367	3	119	28	150	2.25e-10	51.2	99
Pseudomonas_syringae_Karpuz_1_hishtil_a_17552	ref|WP_024639976.1|	94.558	441	440	487	1	440	47	487	0.0	846	100
Pseudomonas_syringae_Karpuz_1_hishtil_a_17552	ref|WP_005768002.1|	89.318	440	440	486	1	440	47	486	0.0	813	100
Pseudomonas_syringae_Karpuz_1_hishtil_a_17552	ref|WP_005896706.1|	89.318	440	440	486	1	440	47	486	0.0	792	100
Pseudomonas_syringae_Karpuz_1_hishtil_a_17552	ref|WP_027901668.1|	53.094	307	440	360	139	440	73	360	9.63e-102	298	69
Pseudomonas_syringae_Karpuz_1_hishtil_a_17552	ref|WP_027901669.1|	42.931	389	440	367	66	440	8	367	2.58e-95	282	85
Pseudomonas_syringae_Karpuz_1_hishtil_a_17552	ref|WP_024674765.1|	90.647	139	440	553	1	139	47	185	7.14e-83	256	32
Pseudomonas_syringae_P121_12232	ref|WP_024639976.1|	94.558	441	440	487	1	440	47	487	0.0	846	100
Pseudomonas_syringae_P121_12232	ref|WP_005768002.1|	89.318	440	440	486	1	440	47	486	0.0	813	100
Pseudomonas_syringae_P121_12232	ref|WP_005896706.1|	89.318	440	440	486	1	440	47	486	0.0	792	100
Pseudomonas_syringae_P121_12232	ref|WP_027901668.1|	53.094	307	440	360	139	440	73	360	9.63e-102	298	69
Pseudomonas_syringae_P121_12232	ref|WP_027901669.1|	42.931	389	440	367	66	440	8	367	2.58e-95	282	85
Pseudomonas_syringae_P121_12232	ref|WP_024674765.1|	90.647	139	440	553	1	139	47	185	7.14e-83	256	32
Pseudomonas_syringae_CC1557_3076	ref|WP_005768002.1|	87.045	440	440	486	1	440	47	486	0.0	781	100
Pseudomonas_syringae_CC1557_3076	ref|WP_024639976.1|	86.848	441	440	487	1	440	47	487	0.0	781	100
Pseudomonas_syringae_CC1557_3076	ref|WP_005896706.1|	84.318	440	440	486	1	440	47	486	0.0	743	100
Pseudomonas_syringae_CC1557_3076	ref|WP_027901669.1|	49.118	340	440	367	108	440	44	367	3.55e-101	297	76
Pseudomonas_syringae_CC1557_3076	ref|WP_027901668.1|	53.741	294	440	360	155	440	90	360	1.05e-100	296	65
Pseudomonas_syringae_CC1557_3076	ref|WP_024674765.1|	81.295	139	440	553	1	139	47	185	1.92e-71	226	32
Pseudomonas_syringae_StP26_17597	ref|WP_024674765.1|	84.109	258	390	553	133	390	296	553	3.23e-148	422	100
Pseudomonas_syringae_StP26_17597	ref|WP_024674765.1|	94.286	140	390	553	1	140	47	186	8.37e-91	275	100
Pseudomonas_syringae_StP26_17597	ref|WP_024639976.1|	94.245	139	390	487	1	139	47	185	1.96e-89	269	36
Pseudomonas_syringae_StP26_17597	ref|WP_005896706.1|	75.000	172	390	486	1	172	47	202	1.14e-82	251	44
Pseudomonas_syringae_StP26_17597	ref|WP_005768002.1|	86.331	139	390	486	1	139	47	185	3.25e-80	245	36
Pseudomonas_syringae_LMG5095_7342	ref|WP_024674765.1|	84.496	258	390	553	133	390	296	553	2.25e-149	425	100
Pseudomonas_syringae_LMG5095_7342	ref|WP_024674765.1|	95.000	140	390	553	1	140	47	186	1.22e-91	276	100
Pseudomonas_syringae_LMG5095_7342	ref|WP_024639976.1|	94.964	139	390	487	1	139	47	185	2.69e-90	271	36
Pseudomonas_syringae_LMG5095_7342	ref|WP_005896706.1|	75.581	172	390	486	1	172	47	202	1.63e-83	254	44
Pseudomonas_syringae_LMG5095_7342	ref|WP_005768002.1|	87.050	139	390	486	1	139	47	185	3.00e-81	248	36
Pseudomonas_syringae_U888_17589	ref|WP_024674765.1|	84.496	258	390	553	133	390	296	553	2.16e-149	425	100
Pseudomonas_syringae_U888_17589	ref|WP_024674765.1|	94.286	140	390	553	1	140	47	186	1.17e-90	274	100
Pseudomonas_syringae_U888_17589	ref|WP_024639976.1|	94.245	139	390	487	1	139	47	185	2.59e-89	269	36
Pseudomonas_syringae_U888_17589	ref|WP_005896706.1|	75.000	172	390	486	1	172	47	202	1.27e-82	251	44
Pseudomonas_syringae_U888_17589	ref|WP_005768002.1|	86.331	139	390	486	1	139	47	185	3.36e-80	245	36
Pseudomonas_syringae_P108_12228	ref|WP_024674765.1|	84.496	258	390	553	133	390	296	553	2.16e-149	425	100
Pseudomonas_syringae_P108_12228	ref|WP_024674765.1|	94.286	140	390	553	1	140	47	186	1.17e-90	274	100
Pseudomonas_syringae_P108_12228	ref|WP_024639976.1|	94.245	139	390	487	1	139	47	185	2.59e-89	269	36
Pseudomonas_syringae_P108_12228	ref|WP_005896706.1|	75.000	172	390	486	1	172	47	202	1.27e-82	251	44
Pseudomonas_syringae_P108_12228	ref|WP_005768002.1|	86.331	139	390	486	1	139	47	185	3.36e-80	245	36
Pseudomonas_syringae_U643_17595	ref|WP_024674765.1|	84.496	258	411	553	154	411	296	553	5.93e-149	424	99
Pseudomonas_syringae_U643_17595	ref|WP_024674765.1|	94.375	160	411	553	2	161	27	186	3.54e-105	312	99
Pseudomonas_syringae_U643_17595	ref|WP_024639976.1|	94.375	160	411	487	1	160	26	185	1.94e-105	311	39
Pseudomonas_syringae_U643_17595	ref|WP_005896706.1|	77.083	192	411	486	2	193	27	202	6.19e-97	289	47
Pseudomonas_syringae_U643_17595	ref|WP_005768002.1|	87.421	159	411	486	2	160	27	185	4.43e-95	284	39
Pseudomonas_syringae_U643_17595	ref|WP_024649699.1|	65.000	40	411	510	2	41	27	66	3.14e-11	54.3	10
Pseudomonas_syringae_U643_17595	ref|WP_024693886.1|	65.000	40	411	624	2	41	27	66	4.28e-11	53.9	10
Pseudomonas_syringae_SV921_17588	ref|WP_024674765.1|	84.496	258	411	553	154	411	296	553	5.93e-149	424	99
Pseudomonas_syringae_SV921_17588	ref|WP_024674765.1|	94.375	160	411	553	2	161	27	186	3.54e-105	312	99
Pseudomonas_syringae_SV921_17588	ref|WP_024639976.1|	94.375	160	411	487	1	160	26	185	1.94e-105	311	39
Pseudomonas_syringae_SV921_17588	ref|WP_005896706.1|	77.083	192	411	486	2	193	27	202	6.19e-97	289	47
Pseudomonas_syringae_SV921_17588	ref|WP_005768002.1|	87.421	159	411	486	2	160	27	185	4.43e-95	284	39
Pseudomonas_syringae_SV921_17588	ref|WP_024649699.1|	65.000	40	411	510	2	41	27	66	3.14e-11	54.3	10
Pseudomonas_syringae_SV921_17588	ref|WP_024693886.1|	65.000	40	411	624	2	41	27	66	4.28e-11	53.9	10
Pseudomonas_syringae_Tule230_17587	ref|WP_024674765.1|	84.496	258	411	553	154	411	296	553	7.21e-149	424	99
Pseudomonas_syringae_Tule230_17587	ref|WP_024674765.1|	93.750	160	411	553	2	161	27	186	6.18e-105	312	99
Pseudomonas_syringae_Tule230_17587	ref|WP_024639976.1|	95.000	160	411	487	1	160	26	185	1.13e-105	311	39
Pseudomonas_syringae_Tule230_17587	ref|WP_005896706.1|	76.562	192	411	486	2	193	27	202	9.42e-97	289	47
Pseudomonas_syringae_Tule230_17587	ref|WP_005768002.1|	86.792	159	411	486	2	160	27	185	6.45e-95	284	39
Pseudomonas_syringae_Tule230_17587	ref|WP_024649699.1|	62.500	40	411	510	2	41	27	66	4.32e-11	53.5	10
Pseudomonas_syringae_Tule230_17587	ref|WP_024693886.1|	62.500	40	411	624	2	41	27	66	5.66e-11	53.5	10
Pseudomonas_syringae_SV1599_17591	ref|WP_024649699.1|	99.412	510	510	510	1	510	1	510	0.0	1029	100
Pseudomonas_syringae_SV1599_17591	ref|WP_024693886.1|	76.457	429	510	624	1	423	1	422	0.0	622	99
Pseudomonas_syringae_SV1599_17591	ref|WP_024693886.1|	75.987	304	510	624	206	509	320	623	9.97e-160	459	99
Pseudomonas_syringae_SV1599_17591	ref|WP_032656593.1|	75.758	429	510	624	1	423	1	422	0.0	618	99
Pseudomonas_syringae_SV1599_17591	ref|WP_032656593.1|	76.316	304	510	624	206	509	320	623	6.93e-161	461	99
Pseudomonas_syringae_SV1599_17591	ref|WP_024658146.1|	73.611	432	510	625	1	425	1	425	0.0	603	100
Pseudomonas_syringae_SV1599_17591	ref|WP_024658146.1|	83.007	306	510	625	206	510	320	625	4.02e-179	508	100
Pseudomonas_syringae_SV1599_17591	ref|WP_024639976.1|	74.242	66	510	487	1	66	1	66	8.18e-27	103	13
Pseudomonas_syringae_SV1599_17591	ref|WP_005768002.1|	62.963	81	510	486	1	81	1	80	2.45e-26	101	16
Pseudomonas_syringae_SHV323_17590	ref|WP_024649699.1|	99.804	510	510	510	1	510	1	510	0.0	1033	100
Pseudomonas_syringae_SHV323_17590	ref|WP_024693886.1|	75.991	429	510	624	1	423	1	422	0.0	618	99
Pseudomonas_syringae_SHV323_17590	ref|WP_024693886.1|	75.987	304	510	624	206	509	320	623	1.05e-159	458	99
Pseudomonas_syringae_SHV323_17590	ref|WP_032656593.1|	75.758	429	510	624	1	423	1	422	0.0	617	99
Pseudomonas_syringae_SHV323_17590	ref|WP_032656593.1|	76.316	304	510	624	206	509	320	623	6.71e-161	461	99
Pseudomonas_syringae_SHV323_17590	ref|WP_024658146.1|	73.380	432	510	625	1	425	1	425	0.0	600	100
Pseudomonas_syringae_SHV323_17590	ref|WP_024658146.1|	83.007	306	510	625	206	510	320	625	4.29e-179	508	100
Pseudomonas_syringae_SHV323_17590	ref|WP_024639976.1|	74.242	66	510	487	1	66	1	66	8.33e-27	103	13
Pseudomonas_syringae_SHV323_17590	ref|WP_005768002.1|	62.963	81	510	486	1	81	1	80	2.51e-26	101	16
Pseudomonas_syringae_5264_5873	ref|WP_024649699.1|	98.627	510	510	510	1	510	1	510	0.0	1023	100
Pseudomonas_syringae_5264_5873	ref|WP_024693886.1|	76.224	429	510	624	1	423	1	422	0.0	619	99
Pseudomonas_syringae_5264_5873	ref|WP_024693886.1|	77.961	304	510	624	206	509	320	623	3.63e-162	465	99
Pseudomonas_syringae_5264_5873	ref|WP_032656593.1|	75.991	429	510	624	1	423	1	422	0.0	618	99
Pseudomonas_syringae_5264_5873	ref|WP_032656593.1|	78.289	304	510	624	206	509	320	623	2.07e-163	468	99
Pseudomonas_syringae_5264_5873	ref|WP_024658146.1|	73.843	432	510	625	1	425	1	425	0.0	603	100
Pseudomonas_syringae_5264_5873	ref|WP_024658146.1|	83.987	306	510	625	206	510	320	625	0.0	513	100
Pseudomonas_syringae_5264_5873	ref|WP_024639976.1|	74.242	66	510	487	1	66	1	66	7.74e-27	103	13
Pseudomonas_syringae_5264_5873	ref|WP_005768002.1|	62.963	81	510	486	1	81	1	80	2.63e-26	101	16
Pseudomonas_syringae_44527_20732	ref|WP_024649699.1|	98.627	510	510	510	1	510	1	510	0.0	1023	100
Pseudomonas_syringae_44527_20732	ref|WP_024693886.1|	76.224	429	510	624	1	423	1	422	0.0	619	99
Pseudomonas_syringae_44527_20732	ref|WP_024693886.1|	77.961	304	510	624	206	509	320	623	3.63e-162	465	99
Pseudomonas_syringae_44527_20732	ref|WP_032656593.1|	75.991	429	510	624	1	423	1	422	0.0	618	99
Pseudomonas_syringae_44527_20732	ref|WP_032656593.1|	78.289	304	510	624	206	509	320	623	2.07e-163	468	99
Pseudomonas_syringae_44527_20732	ref|WP_024658146.1|	73.843	432	510	625	1	425	1	425	0.0	603	100
Pseudomonas_syringae_44527_20732	ref|WP_024658146.1|	83.987	306	510	625	206	510	320	625	0.0	513	100
Pseudomonas_syringae_44527_20732	ref|WP_024639976.1|	74.242	66	510	487	1	66	1	66	7.74e-27	103	13
Pseudomonas_syringae_44527_20732	ref|WP_005768002.1|	62.963	81	510	486	1	81	1	80	2.63e-26	101	16
Pseudomonas_syringae_Susan762_17594	ref|WP_024649699.1|	99.412	510	510	510	1	510	1	510	0.0	1029	100
Pseudomonas_syringae_Susan762_17594	ref|WP_024693886.1|	76.457	429	510	624	1	423	1	422	0.0	622	99
Pseudomonas_syringae_Susan762_17594	ref|WP_024693886.1|	75.987	304	510	624	206	509	320	623	9.97e-160	459	99
Pseudomonas_syringae_Susan762_17594	ref|WP_032656593.1|	75.758	429	510	624	1	423	1	422	0.0	618	99
Pseudomonas_syringae_Susan762_17594	ref|WP_032656593.1|	76.316	304	510	624	206	509	320	623	6.93e-161	461	99
Pseudomonas_syringae_Susan762_17594	ref|WP_024658146.1|	73.611	432	510	625	1	425	1	425	0.0	603	100
Pseudomonas_syringae_Susan762_17594	ref|WP_024658146.1|	83.007	306	510	625	206	510	320	625	4.02e-179	508	100
Pseudomonas_syringae_Susan762_17594	ref|WP_024639976.1|	74.242	66	510	487	1	66	1	66	8.18e-27	103	13
Pseudomonas_syringae_Susan762_17594	ref|WP_005768002.1|	62.963	81	510	486	1	81	1	80	2.45e-26	101	16
Pseudomonas_syringae_Sevgi_fide_PST_17555	ref|WP_024649699.1|	99.608	510	510	510	1	510	1	510	0.0	1031	100
Pseudomonas_syringae_Sevgi_fide_PST_17555	ref|WP_024693886.1|	75.758	429	510	624	1	423	1	422	0.0	617	99
Pseudomonas_syringae_Sevgi_fide_PST_17555	ref|WP_024693886.1|	75.658	304	510	624	206	509	320	623	2.02e-159	457	99
Pseudomonas_syringae_Sevgi_fide_PST_17555	ref|WP_032656593.1|	75.524	429	510	624	1	423	1	422	0.0	616	99
Pseudomonas_syringae_Sevgi_fide_PST_17555	ref|WP_032656593.1|	75.987	304	510	624	206	509	320	623	1.72e-160	461	99
Pseudomonas_syringae_Sevgi_fide_PST_17555	ref|WP_024658146.1|	73.148	432	510	625	1	425	1	425	0.0	600	100
Pseudomonas_syringae_Sevgi_fide_PST_17555	ref|WP_024658146.1|	82.680	306	510	625	206	510	320	625	6.70e-179	508	100
Pseudomonas_syringae_Sevgi_fide_PST_17555	ref|WP_024639976.1|	74.242	66	510	487	1	66	1	66	8.26e-27	103	13
Pseudomonas_syringae_Sevgi_fide_PST_17555	ref|WP_005768002.1|	62.963	81	510	486	1	81	1	80	2.66e-26	101	16
Pseudomonas_syringae_Tule1434_17592	ref|WP_024649699.1|	99.804	510	510	510	1	510	1	510	0.0	1033	100
Pseudomonas_syringae_Tule1434_17592	ref|WP_024693886.1|	75.991	429	510	624	1	423	1	422	0.0	618	99
Pseudomonas_syringae_Tule1434_17592	ref|WP_024693886.1|	75.987	304	510	624	206	509	320	623	1.05e-159	458	99
Pseudomonas_syringae_Tule1434_17592	ref|WP_032656593.1|	75.758	429	510	624	1	423	1	422	0.0	617	99
Pseudomonas_syringae_Tule1434_17592	ref|WP_032656593.1|	76.316	304	510	624	206	509	320	623	6.71e-161	461	99
Pseudomonas_syringae_Tule1434_17592	ref|WP_024658146.1|	73.380	432	510	625	1	425	1	425	0.0	600	100
Pseudomonas_syringae_Tule1434_17592	ref|WP_024658146.1|	83.007	306	510	625	206	510	320	625	4.29e-179	508	100
Pseudomonas_syringae_Tule1434_17592	ref|WP_024639976.1|	74.242	66	510	487	1	66	1	66	8.33e-27	103	13
Pseudomonas_syringae_Tule1434_17592	ref|WP_005768002.1|	62.963	81	510	486	1	81	1	80	2.51e-26	101	16
Pseudomonas_syringae_KF529_17593	ref|WP_024649699.1|	99.804	510	510	510	1	510	1	510	0.0	1033	100
Pseudomonas_syringae_KF529_17593	ref|WP_024693886.1|	75.991	429	510	624	1	423	1	422	0.0	618	99
Pseudomonas_syringae_KF529_17593	ref|WP_024693886.1|	75.987	304	510	624	206	509	320	623	1.05e-159	458	99
Pseudomonas_syringae_KF529_17593	ref|WP_032656593.1|	75.758	429	510	624	1	423	1	422	0.0	617	99
Pseudomonas_syringae_KF529_17593	ref|WP_032656593.1|	76.316	304	510	624	206	509	320	623	6.71e-161	461	99
Pseudomonas_syringae_KF529_17593	ref|WP_024658146.1|	73.380	432	510	625	1	425	1	425	0.0	600	100
Pseudomonas_syringae_KF529_17593	ref|WP_024658146.1|	83.007	306	510	625	206	510	320	625	4.29e-179	508	100
Pseudomonas_syringae_KF529_17593	ref|WP_024639976.1|	74.242	66	510	487	1	66	1	66	8.33e-27	103	13
Pseudomonas_syringae_KF529_17593	ref|WP_005768002.1|	62.963	81	510	486	1	81	1	80	2.51e-26	101	16
Pseudomonas_syringae_Susan2139_17596	ref|WP_024649699.1|	98.431	510	510	510	1	510	1	510	0.0	1021	100
Pseudomonas_syringae_Susan2139_17596	ref|WP_024693886.1|	76.224	429	510	624	1	423	1	422	0.0	619	99
Pseudomonas_syringae_Susan2139_17596	ref|WP_024693886.1|	77.961	304	510	624	206	509	320	623	3.91e-162	464	99
Pseudomonas_syringae_Susan2139_17596	ref|WP_032656593.1|	75.758	429	510	624	1	423	1	422	0.0	617	99
Pseudomonas_syringae_Susan2139_17596	ref|WP_032656593.1|	78.289	304	510	624	206	509	320	623	2.14e-163	468	99
Pseudomonas_syringae_Susan2139_17596	ref|WP_024658146.1|	74.074	432	510	625	1	425	1	425	0.0	603	100
Pseudomonas_syringae_Susan2139_17596	ref|WP_024658146.1|	83.987	306	510	625	206	510	320	625	0.0	512	100
Pseudomonas_syringae_Susan2139_17596	ref|WP_024639976.1|	74.242	66	510	487	1	66	1	66	8.18e-27	103	13
Pseudomonas_syringae_Susan2139_17596	ref|WP_005768002.1|	62.963	81	510	486	1	81	1	80	2.63e-26	101	16
Pseudomonas_syringae_PA-1-11B_17691	ref|WP_024649699.1|	98.431	510	510	510	1	510	1	510	0.0	1021	100
Pseudomonas_syringae_PA-1-11B_17691	ref|WP_024693886.1|	76.224	429	510	624	1	423	1	422	0.0	619	99
Pseudomonas_syringae_PA-1-11B_17691	ref|WP_024693886.1|	77.961	304	510	624	206	509	320	623	3.91e-162	464	99
Pseudomonas_syringae_PA-1-11B_17691	ref|WP_032656593.1|	75.758	429	510	624	1	423	1	422	0.0	617	99
Pseudomonas_syringae_PA-1-11B_17691	ref|WP_032656593.1|	78.289	304	510	624	206	509	320	623	2.14e-163	468	99
Pseudomonas_syringae_PA-1-11B_17691	ref|WP_024658146.1|	74.074	432	510	625	1	425	1	425	0.0	603	100
Pseudomonas_syringae_PA-1-11B_17691	ref|WP_024658146.1|	83.987	306	510	625	206	510	320	625	0.0	512	100
Pseudomonas_syringae_PA-1-11B_17691	ref|WP_024639976.1|	74.242	66	510	487	1	66	1	66	8.18e-27	103	13
Pseudomonas_syringae_PA-1-11B_17691	ref|WP_005768002.1|	62.963	81	510	486	1	81	1	80	2.63e-26	101	16
Pseudomonas_syringae_MUP20_20716	ref|WP_024649699.1|	99.804	510	510	510	1	510	1	510	0.0	1033	100
Pseudomonas_syringae_MUP20_20716	ref|WP_024693886.1|	75.991	429	510	624	1	423	1	422	0.0	618	99
Pseudomonas_syringae_MUP20_20716	ref|WP_024693886.1|	75.987	304	510	624	206	509	320	623	1.05e-159	458	99
Pseudomonas_syringae_MUP20_20716	ref|WP_032656593.1|	75.758	429	510	624	1	423	1	422	0.0	617	99
Pseudomonas_syringae_MUP20_20716	ref|WP_032656593.1|	76.316	304	510	624	206	509	320	623	6.71e-161	461	99
Pseudomonas_syringae_MUP20_20716	ref|WP_024658146.1|	73.380	432	510	625	1	425	1	425	0.0	600	100
Pseudomonas_syringae_MUP20_20716	ref|WP_024658146.1|	83.007	306	510	625	206	510	320	625	4.29e-179	508	100
Pseudomonas_syringae_MUP20_20716	ref|WP_024639976.1|	74.242	66	510	487	1	66	1	66	8.33e-27	103	13
Pseudomonas_syringae_MUP20_20716	ref|WP_005768002.1|	62.963	81	510	486	1	81	1	80	2.51e-26	101	16
Pseudomonas_syringae_SHV1866_17586	ref|WP_024649699.1|	99.608	510	510	510	1	510	1	510	0.0	1030	100
Pseudomonas_syringae_SHV1866_17586	ref|WP_024693886.1|	76.224	429	510	624	1	423	1	422	0.0	620	99
Pseudomonas_syringae_SHV1866_17586	ref|WP_024693886.1|	75.987	304	510	624	206	509	320	623	1.06e-159	458	99
Pseudomonas_syringae_SHV1866_17586	ref|WP_032656593.1|	75.991	429	510	624	1	423	1	422	0.0	620	99
Pseudomonas_syringae_SHV1866_17586	ref|WP_032656593.1|	76.316	304	510	624	206	509	320	623	5.64e-161	462	99
Pseudomonas_syringae_SHV1866_17586	ref|WP_024658146.1|	73.611	432	510	625	1	425	1	425	0.0	603	100
Pseudomonas_syringae_SHV1866_17586	ref|WP_024658146.1|	83.007	306	510	625	206	510	320	625	4.16e-179	508	100
Pseudomonas_syringae_SHV1866_17586	ref|WP_024639976.1|	74.242	66	510	487	1	66	1	66	8.64e-27	102	13
Pseudomonas_syringae_SHV1866_17586	ref|WP_005768002.1|	62.963	81	510	486	1	81	1	80	2.49e-26	101	16
Pseudomonas_syringae_MB03_4121	ref|WP_032656593.1|	74.183	612	619	624	1	599	1	610	0.0	858	97
Pseudomonas_syringae_MB03_4121	ref|WP_024693886.1|	74.020	612	619	624	1	599	1	610	0.0	854	97
Pseudomonas_syringae_MB03_4121	ref|WP_024658146.1|	71.778	613	619	625	1	599	1	611	0.0	834	97
Pseudomonas_syringae_MB03_4121	ref|WP_024649699.1|	78.353	425	619	510	1	418	1	425	0.0	630	97
Pseudomonas_syringae_MB03_4121	ref|WP_024649699.1|	48.123	293	619	510	320	599	206	496	3.15e-79	250	97
Pseudomonas_syringae_MB03_4121	ref|WP_024639976.1|	74.242	66	619	487	1	66	1	66	2.89e-26	102	11
Pseudomonas_syringae_MB03_4121	ref|WP_005768002.1|	62.963	81	619	486	1	81	1	80	7.89e-26	100	13
Pseudomonas_syringae_M11_20731	ref|WP_032656593.1|	99.199	624	624	624	1	624	1	624	0.0	1248	100
Pseudomonas_syringae_M11_20731	ref|WP_024693886.1|	99.199	624	624	624	1	624	1	624	0.0	1248	100
Pseudomonas_syringae_M11_20731	ref|WP_024658146.1|	85.096	624	624	625	1	623	1	624	0.0	1067	99
Pseudomonas_syringae_M11_20731	ref|WP_024649699.1|	76.224	429	624	510	1	422	1	423	0.0	620	99
Pseudomonas_syringae_M11_20731	ref|WP_024649699.1|	76.316	304	624	510	320	623	206	509	1.37e-168	481	99
Pseudomonas_syringae_M11_20731	ref|WP_024639976.1|	74.242	66	624	487	1	66	1	66	1.96e-26	102	11
Pseudomonas_syringae_M11_20731	ref|WP_005768002.1|	62.963	81	624	486	1	81	1	80	5.76e-26	101	13
Pseudomonas_syringae_RMP66_6987	ref|WP_024674765.1|	86.024	508	508	553	1	508	47	553	0.0	870	100
Pseudomonas_syringae_RMP66_6987	ref|WP_024639976.1|	94.245	139	508	487	1	139	47	185	1.85e-87	268	27
Pseudomonas_syringae_RMP66_6987	ref|WP_005896706.1|	89.209	139	508	486	1	139	47	185	2.05e-81	252	27
Pseudomonas_syringae_RMP66_6987	ref|WP_005768002.1|	87.050	139	508	486	1	139	47	185	2.09e-79	247	27
Pseudomonas_syringae_P78_12243	ref|WP_024674765.1|	86.174	528	529	553	2	529	27	553	0.0	907	99
Pseudomonas_syringae_P78_12243	ref|WP_024639976.1|	95.000	160	529	487	1	160	26	185	8.56e-104	311	30
Pseudomonas_syringae_P78_12243	ref|WP_005896706.1|	89.308	159	529	486	2	160	27	185	1.73e-95	290	30
Pseudomonas_syringae_P78_12243	ref|WP_005768002.1|	87.421	159	529	486	2	160	27	185	5.23e-94	286	30
Pseudomonas_syringae_P78_12243	ref|WP_024649699.1|	62.500	40	529	510	2	41	27	66	7.40e-11	53.5	8
Pseudomonas_syringae_P78_12243	ref|WP_024693886.1|	62.500	40	529	624	2	41	27	66	9.75e-11	53.1	8
Pseudomonas_syringae_NZ45_6142	ref|WP_024658146.1|	95.200	625	625	625	1	625	1	625	0.0	1205	100
Pseudomonas_syringae_NZ45_6142	ref|WP_032656593.1|	85.897	624	625	624	1	624	1	623	0.0	1062	99
Pseudomonas_syringae_NZ45_6142	ref|WP_024693886.1|	85.417	624	625	624	1	624	1	623	0.0	1055	99
Pseudomonas_syringae_NZ45_6142	ref|WP_024649699.1|	71.759	432	625	510	1	425	1	425	0.0	592	100
Pseudomonas_syringae_NZ45_6142	ref|WP_024649699.1|	82.026	306	625	510	320	625	206	510	1.09e-177	504	100
Pseudomonas_syringae_NZ45_6142	ref|WP_005768002.1|	67.901	81	625	486	1	81	1	80	2.77e-28	108	13
Pseudomonas_syringae_NZ45_6142	ref|WP_005896706.1|	77.273	66	625	486	1	66	1	66	1.08e-27	106	11
Pseudomonas_syringae_pv_avellanae_str_ISPaVe013_26105	ref|WP_024693886.1|	80.882	612	625	624	1	605	1	610	0.0	950	97
Pseudomonas_syringae_pv_avellanae_str_ISPaVe013_26105	ref|WP_032656593.1|	80.719	612	625	624	1	605	1	610	0.0	950	97
Pseudomonas_syringae_pv_avellanae_str_ISPaVe013_26105	ref|WP_024658146.1|	75.204	613	625	625	1	605	1	611	0.0	895	97
Pseudomonas_syringae_pv_avellanae_str_ISPaVe013_26105	ref|WP_024649699.1|	73.684	456	625	510	1	448	1	449	0.0	623	97
Pseudomonas_syringae_pv_avellanae_str_ISPaVe013_26105	ref|WP_024649699.1|	57.338	293	625	510	320	605	206	496	3.35e-106	321	97
Pseudomonas_syringae_pv_avellanae_str_ISPaVe013_26105	ref|WP_024639976.1|	74.242	66	625	487	1	66	1	66	2.34e-26	102	11
Pseudomonas_syringae_pv_avellanae_str_ISPaVe013_26105	ref|WP_005768002.1|	62.963	81	625	486	1	81	1	80	6.44e-26	101	13
Pseudomonas_syringae_7928A_6990	ref|WP_032656593.1|	80.882	612	625	624	1	605	1	610	0.0	952	97
Pseudomonas_syringae_7928A_6990	ref|WP_024693886.1|	81.046	612	625	624	1	605	1	610	0.0	951	97
Pseudomonas_syringae_7928A_6990	ref|WP_024658146.1|	75.041	613	625	625	1	605	1	611	0.0	894	97
Pseudomonas_syringae_7928A_6990	ref|WP_024649699.1|	73.465	456	625	510	1	448	1	449	0.0	622	97
Pseudomonas_syringae_7928A_6990	ref|WP_024649699.1|	57.338	293	625	510	320	605	206	496	2.74e-106	321	97
Pseudomonas_syringae_7928A_6990	ref|WP_024639976.1|	74.242	66	625	487	1	66	1	66	2.27e-26	102	11
Pseudomonas_syringae_7928A_6990	ref|WP_005768002.1|	62.963	81	625	486	1	81	1	80	6.67e-26	100	13
Pseudomonas_syringae_pv_avellanae_ISPaVe037_292	ref|WP_032656593.1|	74.346	612	619	624	1	599	1	610	0.0	862	97
Pseudomonas_syringae_pv_avellanae_ISPaVe037_292	ref|WP_024693886.1|	74.183	612	619	624	1	599	1	610	0.0	857	97
Pseudomonas_syringae_pv_avellanae_ISPaVe037_292	ref|WP_024658146.1|	71.615	613	619	625	1	599	1	611	0.0	831	97
Pseudomonas_syringae_pv_avellanae_ISPaVe037_292	ref|WP_024649699.1|	78.588	425	619	510	1	418	1	425	0.0	632	97
Pseudomonas_syringae_pv_avellanae_ISPaVe037_292	ref|WP_024649699.1|	48.123	293	619	510	320	599	206	496	3.96e-79	250	97
Pseudomonas_syringae_pv_avellanae_ISPaVe037_292	ref|WP_024639976.1|	74.242	66	619	487	1	66	1	66	2.86e-26	102	11
Pseudomonas_syringae_pv_avellanae_ISPaVe037_292	ref|WP_005768002.1|	62.963	81	619	486	1	81	1	80	7.75e-26	100	13
Pseudomonas_syringae_pv_aptata_G733_11468	ref|WP_032656593.1|	74.183	612	619	624	1	599	1	610	0.0	863	97
Pseudomonas_syringae_pv_aptata_G733_11468	ref|WP_024693886.1|	74.020	612	619	624	1	599	1	610	0.0	860	97
Pseudomonas_syringae_pv_aptata_G733_11468	ref|WP_024658146.1|	71.941	613	619	625	1	599	1	611	0.0	836	97
Pseudomonas_syringae_pv_aptata_G733_11468	ref|WP_024649699.1|	77.262	431	619	510	1	424	1	431	0.0	629	97
Pseudomonas_syringae_pv_aptata_G733_11468	ref|WP_024649699.1|	49.147	293	619	510	320	599	206	496	4.64e-82	258	97
Pseudomonas_syringae_pv_aptata_G733_11468	ref|WP_024639976.1|	74.242	66	619	487	1	66	1	66	2.41e-26	102	11
Pseudomonas_syringae_pv_aptata_G733_11468	ref|WP_005768002.1|	62.963	81	619	486	1	81	1	80	6.35e-26	101	13
Pseudomonas_syringae_isolate_CFBP6109_6963	ref|WP_032656593.1|	74.346	612	619	624	1	599	1	610	0.0	860	97
Pseudomonas_syringae_isolate_CFBP6109_6963	ref|WP_024693886.1|	74.510	612	619	624	1	599	1	610	0.0	858	97
Pseudomonas_syringae_isolate_CFBP6109_6963	ref|WP_024658146.1|	71.778	613	619	625	1	599	1	611	0.0	835	97
Pseudomonas_syringae_isolate_CFBP6109_6963	ref|WP_024649699.1|	78.353	425	619	510	1	418	1	425	0.0	634	97
Pseudomonas_syringae_isolate_CFBP6109_6963	ref|WP_024649699.1|	47.782	293	619	510	320	599	206	496	6.17e-78	247	97
Pseudomonas_syringae_isolate_CFBP6109_6963	ref|WP_024639976.1|	74.242	66	619	487	1	66	1	66	2.86e-26	102	11
Pseudomonas_syringae_isolate_CFBP6109_6963	ref|WP_005768002.1|	62.963	81	619	486	1	81	1	80	7.75e-26	100	13
Pseudomonas_syringae_pv_syringae_UMAF7000_17735	ref|WP_024639976.1|	94.589	462	461	487	1	461	26	487	0.0	889	100
Pseudomonas_syringae_pv_syringae_UMAF7000_17735	ref|WP_005768002.1|	88.913	460	461	486	2	461	27	486	0.0	847	99
Pseudomonas_syringae_pv_syringae_UMAF7000_17735	ref|WP_005896706.1|	88.696	460	461	486	2	461	27	486	0.0	823	99
Pseudomonas_syringae_pv_syringae_UMAF7000_17735	ref|WP_027901668.1|	49.003	351	461	360	113	461	28	360	3.08e-103	303	99
Pseudomonas_syringae_pv_syringae_UMAF7000_17735	ref|WP_027901668.1|	28.462	130	461	360	3	130	28	144	1.12e-11	55.5	99
Pseudomonas_syringae_pv_syringae_UMAF7000_17735	ref|WP_024674765.1|	88.679	159	461	553	2	160	27	185	5.07e-96	291	34
Pseudomonas_syringae_pv_syringae_UMAF7000_17735	ref|WP_027901669.1|	48.328	329	461	367	150	461	64	367	2.18e-95	283	93
Pseudomonas_syringae_pv_syringae_UMAF7000_17735	ref|WP_027901669.1|	31.707	123	461	367	3	119	28	150	4.25e-11	53.5	93
Pseudomonas_syringae_pv_syringae_UMAF2016_17739	ref|WP_024639976.1|	91.558	462	461	487	1	461	26	487	0.0	865	100
Pseudomonas_syringae_pv_syringae_UMAF2016_17739	ref|WP_005768002.1|	90.217	460	461	486	2	461	27	486	0.0	856	99
Pseudomonas_syringae_pv_syringae_UMAF2016_17739	ref|WP_005896706.1|	87.609	460	461	486	2	461	27	486	0.0	814	99
Pseudomonas_syringae_pv_syringae_UMAF2016_17739	ref|WP_027901668.1|	49.003	351	461	360	113	461	28	360	1.28e-103	304	95
Pseudomonas_syringae_pv_syringae_UMAF2016_17739	ref|WP_027901668.1|	36.170	94	461	360	3	93	28	116	2.29e-10	51.2	95
Pseudomonas_syringae_pv_syringae_UMAF2016_17739	ref|WP_027901669.1|	45.902	366	461	367	113	461	28	367	3.86e-97	287	99
Pseudomonas_syringae_pv_syringae_UMAF2016_17739	ref|WP_027901669.1|	31.405	121	461	367	3	117	28	148	6.98e-10	49.7	99
Pseudomonas_syringae_pv_syringae_UMAF2016_17739	ref|WP_024674765.1|	80.503	159	461	553	2	160	27	185	3.31e-85	263	34
Pseudomonas_syringae_pv_syringae_UMAF1003_17741	ref|WP_024639976.1|	91.558	462	461	487	1	461	26	487	0.0	865	100
Pseudomonas_syringae_pv_syringae_UMAF1003_17741	ref|WP_005768002.1|	90.217	460	461	486	2	461	27	486	0.0	856	99
Pseudomonas_syringae_pv_syringae_UMAF1003_17741	ref|WP_005896706.1|	87.609	460	461	486	2	461	27	486	0.0	814	99
Pseudomonas_syringae_pv_syringae_UMAF1003_17741	ref|WP_027901668.1|	49.003	351	461	360	113	461	28	360	1.28e-103	304	95
Pseudomonas_syringae_pv_syringae_UMAF1003_17741	ref|WP_027901668.1|	36.170	94	461	360	3	93	28	116	2.29e-10	51.2	95
Pseudomonas_syringae_pv_syringae_UMAF1003_17741	ref|WP_027901669.1|	45.902	366	461	367	113	461	28	367	3.86e-97	287	99
Pseudomonas_syringae_pv_syringae_UMAF1003_17741	ref|WP_027901669.1|	31.405	121	461	367	3	117	28	148	6.98e-10	49.7	99
Pseudomonas_syringae_pv_syringae_UMAF1003_17741	ref|WP_024674765.1|	80.503	159	461	553	2	160	27	185	3.31e-85	263	34
Pseudomonas_syringae_pv_syringae_S2_2_20738	ref|WP_024639976.1|	100.000	441	441	487	1	441	47	487	0.0	894	100
Pseudomonas_syringae_pv_syringae_S2_2_20738	ref|WP_005768002.1|	89.342	441	441	486	1	441	47	486	0.0	805	100
Pseudomonas_syringae_pv_syringae_S2_2_20738	ref|WP_005896706.1|	88.662	441	441	486	1	441	47	486	0.0	783	100
Pseudomonas_syringae_pv_syringae_S2_2_20738	ref|WP_027901668.1|	52.922	308	441	360	139	441	73	360	1.15e-101	298	69
Pseudomonas_syringae_pv_syringae_S2_2_20738	ref|WP_027901669.1|	46.537	361	441	367	92	441	28	367	4.30e-96	284	79
Pseudomonas_syringae_pv_syringae_S2_2_20738	ref|WP_024674765.1|	90.647	139	441	553	1	139	47	185	2.63e-83	257	32
Pseudomonas_syringae_pv_syringae_UMAF2600_17732	ref|WP_024639976.1|	91.558	462	461	487	1	461	26	487	0.0	865	100
Pseudomonas_syringae_pv_syringae_UMAF2600_17732	ref|WP_005768002.1|	90.217	460	461	486	2	461	27	486	0.0	856	99
Pseudomonas_syringae_pv_syringae_UMAF2600_17732	ref|WP_005896706.1|	87.609	460	461	486	2	461	27	486	0.0	814	99
Pseudomonas_syringae_pv_syringae_UMAF2600_17732	ref|WP_027901668.1|	49.003	351	461	360	113	461	28	360	1.28e-103	304	95
Pseudomonas_syringae_pv_syringae_UMAF2600_17732	ref|WP_027901668.1|	36.170	94	461	360	3	93	28	116	2.29e-10	51.2	95
Pseudomonas_syringae_pv_syringae_UMAF2600_17732	ref|WP_027901669.1|	45.902	366	461	367	113	461	28	367	3.86e-97	287	99
Pseudomonas_syringae_pv_syringae_UMAF2600_17732	ref|WP_027901669.1|	31.405	121	461	367	3	117	28	148	6.98e-10	49.7	99
Pseudomonas_syringae_pv_syringae_UMAF2600_17732	ref|WP_024674765.1|	80.503	159	461	553	2	160	27	185	3.31e-85	263	34
Pseudomonas_syringae_CC457_20754	ref|WP_024639976.1|	94.805	462	461	487	1	461	26	487	0.0	890	100
Pseudomonas_syringae_CC457_20754	ref|WP_005768002.1|	89.348	460	461	486	2	461	27	486	0.0	851	99
Pseudomonas_syringae_CC457_20754	ref|WP_005896706.1|	89.348	460	461	486	2	461	27	486	0.0	830	99
Pseudomonas_syringae_CC457_20754	ref|WP_027901668.1|	53.094	307	461	360	160	461	73	360	1.25e-101	299	93
Pseudomonas_syringae_CC457_20754	ref|WP_027901668.1|	28.462	130	461	360	3	130	28	144	1.71e-10	51.6	93
Pseudomonas_syringae_CC457_20754	ref|WP_024674765.1|	90.566	159	461	553	2	160	27	185	4.38e-97	293	34
Pseudomonas_syringae_CC457_20754	ref|WP_027901669.1|	42.931	389	461	367	87	461	8	367	4.35e-95	282	99
Pseudomonas_syringae_CC457_20754	ref|WP_027901669.1|	33.333	123	461	367	3	119	28	150	8.13e-11	52.8	99
Pseudomonas_syringae_pv_maculicola_YM7930_3817	ref|WP_005768002.1|	94.318	440	440	486	1	440	47	486	0.0	847	100
Pseudomonas_syringae_pv_maculicola_YM7930_3817	ref|WP_024639976.1|	88.662	441	440	487	1	440	47	487	0.0	801	100
Pseudomonas_syringae_pv_maculicola_YM7930_3817	ref|WP_005896706.1|	89.545	440	440	486	1	440	47	486	0.0	797	100
Pseudomonas_syringae_pv_maculicola_YM7930_3817	ref|WP_027901668.1|	49.008	353	440	360	92	440	28	360	7.49e-103	301	79
Pseudomonas_syringae_pv_maculicola_YM7930_3817	ref|WP_027901669.1|	45.404	359	440	367	92	440	28	367	5.00e-96	284	79
Pseudomonas_syringae_pv_maculicola_YM7930_3817	ref|WP_024674765.1|	86.331	139	440	553	1	139	47	185	3.61e-80	249	32
Pseudomonas_syringae_pv_syringae_SM_282	ref|WP_024674765.1|	84.496	258	411	553	154	411	296	553	7.21e-149	424	99
Pseudomonas_syringae_pv_syringae_SM_282	ref|WP_024674765.1|	93.750	160	411	553	2	161	27	186	6.18e-105	312	99
Pseudomonas_syringae_pv_syringae_SM_282	ref|WP_024639976.1|	95.000	160	411	487	1	160	26	185	1.13e-105	311	39
Pseudomonas_syringae_pv_syringae_SM_282	ref|WP_005896706.1|	76.562	192	411	486	2	193	27	202	9.42e-97	289	47
Pseudomonas_syringae_pv_syringae_SM_282	ref|WP_005768002.1|	86.792	159	411	486	2	160	27	185	6.45e-95	284	39
Pseudomonas_syringae_pv_syringae_SM_282	ref|WP_024649699.1|	62.500	40	411	510	2	41	27	66	4.32e-11	53.5	10
Pseudomonas_syringae_pv_syringae_SM_282	ref|WP_024693886.1|	62.500	40	411	624	2	41	27	66	5.66e-11	53.5	10
Pseudomonas_syringae_pv_syringae_UMAF0271_17740	ref|WP_032656593.1|	96.154	624	624	624	1	624	1	624	0.0	1217	100
Pseudomonas_syringae_pv_syringae_UMAF0271_17740	ref|WP_024693886.1|	95.833	624	624	624	1	624	1	624	0.0	1211	100
Pseudomonas_syringae_pv_syringae_UMAF0271_17740	ref|WP_024658146.1|	86.538	624	624	625	1	623	1	624	0.0	1082	99
Pseudomonas_syringae_pv_syringae_UMAF0271_17740	ref|WP_024649699.1|	75.638	431	624	510	1	424	1	425	0.0	620	99
Pseudomonas_syringae_pv_syringae_UMAF0271_17740	ref|WP_024649699.1|	77.961	304	624	510	320	623	206	509	3.23e-172	491	99
Pseudomonas_syringae_pv_syringae_UMAF0271_17740	ref|WP_024639976.1|	74.242	66	624	487	1	66	1	66	2.00e-26	102	11
Pseudomonas_syringae_pv_syringae_UMAF0271_17740	ref|WP_005768002.1|	62.963	81	624	486	1	81	1	80	5.55e-26	101	13
Pseudomonas_syringae_pv_syringae_UMAF2801_17738	ref|WP_032656593.1|	96.474	624	624	624	1	624	1	624	0.0	1222	100
Pseudomonas_syringae_pv_syringae_UMAF2801_17738	ref|WP_024693886.1|	96.154	624	624	624	1	624	1	624	0.0	1214	100
Pseudomonas_syringae_pv_syringae_UMAF2801_17738	ref|WP_024658146.1|	86.538	624	624	625	1	623	1	624	0.0	1082	99
Pseudomonas_syringae_pv_syringae_UMAF2801_17738	ref|WP_024649699.1|	76.102	431	624	510	1	424	1	425	0.0	623	99
Pseudomonas_syringae_pv_syringae_UMAF2801_17738	ref|WP_024649699.1|	77.961	304	624	510	320	623	206	509	2.39e-172	491	99
Pseudomonas_syringae_pv_syringae_UMAF2801_17738	ref|WP_024639976.1|	74.242	66	624	487	1	66	1	66	1.98e-26	102	11
Pseudomonas_syringae_pv_syringae_UMAF2801_17738	ref|WP_005768002.1|	62.963	81	624	486	1	81	1	80	5.45e-26	101	13
Pseudomonas_syringae_pv_syringae_UMAF0176_17744	ref|WP_032656593.1|	96.474	624	624	624	1	624	1	624	0.0	1222	100
Pseudomonas_syringae_pv_syringae_UMAF0176_17744	ref|WP_024693886.1|	96.154	624	624	624	1	624	1	624	0.0	1214	100
Pseudomonas_syringae_pv_syringae_UMAF0176_17744	ref|WP_024658146.1|	86.538	624	624	625	1	623	1	624	0.0	1082	99
Pseudomonas_syringae_pv_syringae_UMAF0176_17744	ref|WP_024649699.1|	76.102	431	624	510	1	424	1	425	0.0	623	99
Pseudomonas_syringae_pv_syringae_UMAF0176_17744	ref|WP_024649699.1|	77.961	304	624	510	320	623	206	509	2.39e-172	491	99
Pseudomonas_syringae_pv_syringae_UMAF0176_17744	ref|WP_024639976.1|	74.242	66	624	487	1	66	1	66	1.98e-26	102	11
Pseudomonas_syringae_pv_syringae_UMAF0176_17744	ref|WP_005768002.1|	62.963	81	624	486	1	81	1	80	5.45e-26	101	13
Pseudomonas_syringae_pv_syringae_UMAF3028_17702	ref|WP_032656593.1|	96.795	624	624	624	1	624	1	624	0.0	1222	100
Pseudomonas_syringae_pv_syringae_UMAF3028_17702	ref|WP_024693886.1|	96.474	624	624	624	1	624	1	624	0.0	1217	100
Pseudomonas_syringae_pv_syringae_UMAF3028_17702	ref|WP_024658146.1|	86.538	624	624	625	1	623	1	624	0.0	1084	99
Pseudomonas_syringae_pv_syringae_UMAF3028_17702	ref|WP_024649699.1|	76.457	429	624	510	1	422	1	423	0.0	623	99
Pseudomonas_syringae_pv_syringae_UMAF3028_17702	ref|WP_024649699.1|	77.961	304	624	510	320	623	206	509	3.13e-172	491	99
Pseudomonas_syringae_pv_syringae_UMAF3028_17702	ref|WP_024639976.1|	74.242	66	624	487	1	66	1	66	1.98e-26	102	11
Pseudomonas_syringae_pv_syringae_UMAF3028_17702	ref|WP_005768002.1|	62.963	81	624	486	1	81	1	80	5.50e-26	101	13
Pseudomonas_syringae_CFBP_2116_6934	ref|WP_024693886.1|	96.154	624	624	624	1	624	1	624	0.0	1212	100
Pseudomonas_syringae_CFBP_2116_6934	ref|WP_032656593.1|	95.673	624	624	624	1	624	1	624	0.0	1208	100
Pseudomonas_syringae_CFBP_2116_6934	ref|WP_024658146.1|	86.218	624	624	625	1	623	1	624	0.0	1081	99
Pseudomonas_syringae_CFBP_2116_6934	ref|WP_024649699.1|	76.224	429	624	510	1	422	1	423	0.0	622	99
Pseudomonas_syringae_CFBP_2116_6934	ref|WP_024649699.1|	78.947	304	624	510	320	623	206	509	6.34e-173	493	99
Pseudomonas_syringae_CFBP_2116_6934	ref|WP_024639976.1|	74.242	66	624	487	1	66	1	66	2.09e-26	102	11
Pseudomonas_syringae_CFBP_2116_6934	ref|WP_005768002.1|	62.963	81	624	486	1	81	1	80	5.86e-26	101	13
Pseudomonas_syringae_pv_syringae_UMAF1013_17734	ref|WP_032656593.1|	74.346	612	619	624	1	599	1	610	0.0	867	97
Pseudomonas_syringae_pv_syringae_UMAF1013_17734	ref|WP_024693886.1|	74.183	612	619	624	1	599	1	610	0.0	864	97
Pseudomonas_syringae_pv_syringae_UMAF1013_17734	ref|WP_024658146.1|	72.104	613	619	625	1	599	1	611	0.0	840	97
Pseudomonas_syringae_pv_syringae_UMAF1013_17734	ref|WP_024649699.1|	77.494	431	619	510	1	424	1	431	0.0	633	97
Pseudomonas_syringae_pv_syringae_UMAF1013_17734	ref|WP_024649699.1|	49.147	293	619	510	320	599	206	496	4.13e-82	258	97
Pseudomonas_syringae_pv_syringae_UMAF1013_17734	ref|WP_024639976.1|	74.242	66	619	487	1	66	1	66	2.37e-26	102	11
Pseudomonas_syringae_pv_syringae_UMAF1013_17734	ref|WP_005768002.1|	62.963	81	619	486	1	81	1	80	6.64e-26	100	13
Pseudomonas_syringae_pv_syringae_UMAF0297_17737	ref|WP_032656593.1|	80.556	612	625	624	1	605	1	610	0.0	948	97
Pseudomonas_syringae_pv_syringae_UMAF0297_17737	ref|WP_024693886.1|	80.719	612	625	624	1	605	1	610	0.0	947	97
Pseudomonas_syringae_pv_syringae_UMAF0297_17737	ref|WP_024658146.1|	74.878	613	625	625	1	605	1	611	0.0	892	97
Pseudomonas_syringae_pv_syringae_UMAF0297_17737	ref|WP_024649699.1|	73.465	456	625	510	1	448	1	449	0.0	621	97
Pseudomonas_syringae_pv_syringae_UMAF0297_17737	ref|WP_024649699.1|	58.020	293	625	510	320	605	206	496	2.47e-107	324	97
Pseudomonas_syringae_pv_syringae_UMAF0297_17737	ref|WP_024639976.1|	74.242	66	625	487	1	66	1	66	2.19e-26	102	11
Pseudomonas_syringae_pv_syringae_UMAF0297_17737	ref|WP_005768002.1|	62.963	81	625	486	1	81	1	80	5.99e-26	101	13
Pseudomonas_syringae_pv_syringae_UMAF2815_17736	ref|WP_024674765.1|	85.795	528	529	553	2	529	27	553	0.0	904	99
Pseudomonas_syringae_pv_syringae_UMAF2815_17736	ref|WP_024639976.1|	93.125	160	529	487	1	160	26	185	4.94e-102	306	30
Pseudomonas_syringae_pv_syringae_UMAF2815_17736	ref|WP_005896706.1|	87.421	159	529	486	2	160	27	185	9.11e-94	285	30
Pseudomonas_syringae_pv_syringae_UMAF2815_17736	ref|WP_005768002.1|	86.792	159	529	486	2	160	27	185	3.11e-93	283	30
Pseudomonas_syringae_pv_syringae_UMAF2815_17736	ref|WP_024649699.1|	60.000	40	529	510	2	41	27	66	1.12e-10	53.1	8
Pseudomonas_syringae_pv_syringae_UMAF2815_17736	ref|WP_024693886.1|	60.000	40	529	624	2	41	27	66	1.49e-10	52.8	8
Pseudomonas_syringae_USA011_12213	ref|WP_024639976.1|	100.000	462	462	487	1	462	26	487	0.0	935	100
Pseudomonas_syringae_USA011_12213	ref|WP_005768002.1|	89.371	461	462	486	2	462	27	486	0.0	843	99
Pseudomonas_syringae_USA011_12213	ref|WP_005896706.1|	88.720	461	462	486	2	462	27	486	0.0	820	99
Pseudomonas_syringae_USA011_12213	ref|WP_027901668.1|	52.922	308	462	360	160	462	73	360	2.54e-101	298	84
Pseudomonas_syringae_USA011_12213	ref|WP_027901668.1|	37.500	88	462	360	3	88	28	110	7.98e-11	52.8	84
Pseudomonas_syringae_USA011_12213	ref|WP_024674765.1|	90.566	159	462	553	2	160	27	185	1.76e-97	294	34
Pseudomonas_syringae_USA011_12213	ref|WP_027901669.1|	46.537	361	462	367	113	462	28	367	9.29e-96	284	99
Pseudomonas_syringae_USA011_12213	ref|WP_027901669.1|	33.065	124	462	367	3	120	28	151	5.47e-11	53.1	99
Pseudomonas_syringae_UB303_12214	ref|WP_024658146.1|	51.943	489	778	625	163	611	69	554	2.41e-149	441	79
Pseudomonas_syringae_UB303_12214	ref|WP_024658146.1|	49.103	446	778	625	383	777	206	624	1.02e-126	383	79
Pseudomonas_syringae_UB303_12214	ref|WP_032656593.1|	50.615	488	778	624	163	611	69	553	3.78e-139	415	79
Pseudomonas_syringae_UB303_12214	ref|WP_032656593.1|	48.315	445	778	624	383	777	206	623	1.12e-120	367	79
Pseudomonas_syringae_UB303_12214	ref|WP_024693886.1|	50.615	488	778	624	163	611	69	553	4.25e-139	415	79
Pseudomonas_syringae_UB303_12214	ref|WP_024693886.1|	48.090	445	778	624	383	777	206	623	3.93e-120	365	79
Pseudomonas_syringae_UB303_12214	ref|WP_024649699.1|	46.429	420	778	510	163	539	69	486	1.88e-100	310	79
Pseudomonas_syringae_UB303_12214	ref|WP_024649699.1|	46.364	330	778	510	498	777	206	509	7.88e-83	264	79
Pseudomonas_syringae_UB303_12214	ref|WP_024649699.1|	56.303	238	778	510	383	613	206	441	3.49e-77	249	79
Pseudomonas_syringae_UB303_12214	ref|WP_024639976.1|	100.000	462	462	487	1	462	26	487	0.0	935	100
Pseudomonas_syringae_UB303_12214	ref|WP_005768002.1|	89.371	461	462	486	2	462	27	486	0.0	843	99
Pseudomonas_syringae_UB303_12214	ref|WP_005896706.1|	88.720	461	462	486	2	462	27	486	0.0	820	99
Pseudomonas_syringae_UB303_12214	ref|WP_027901668.1|	52.922	308	462	360	160	462	73	360	2.54e-101	298	84
Pseudomonas_syringae_UB303_12214	ref|WP_027901668.1|	37.500	88	462	360	3	88	28	110	7.98e-11	52.8	84
Pseudomonas_syringae_UB303_12214	ref|WP_024674765.1|	90.566	159	462	553	2	160	27	185	1.76e-97	294	34
Pseudomonas_syringae_UB303_12214	ref|WP_027901669.1|	46.537	361	462	367	113	462	28	367	9.29e-96	284	99
Pseudomonas_syringae_UB303_12214	ref|WP_027901669.1|	33.065	124	462	367	3	120	28	151	5.47e-11	53.1	99
Pseudomonas_syringae_UMAF0158_3878	ref|WP_024639976.1|	91.558	462	461	487	1	461	26	487	0.0	865	100
Pseudomonas_syringae_UMAF0158_3878	ref|WP_005768002.1|	90.217	460	461	486	2	461	27	486	0.0	856	99
Pseudomonas_syringae_UMAF0158_3878	ref|WP_005896706.1|	87.609	460	461	486	2	461	27	486	0.0	814	99
Pseudomonas_syringae_UMAF0158_3878	ref|WP_027901668.1|	49.003	351	461	360	113	461	28	360	1.28e-103	304	95
Pseudomonas_syringae_UMAF0158_3878	ref|WP_027901668.1|	36.170	94	461	360	3	93	28	116	2.29e-10	51.2	95
Pseudomonas_syringae_UMAF0158_3878	ref|WP_027901669.1|	45.902	366	461	367	113	461	28	367	3.86e-97	287	99
Pseudomonas_syringae_UMAF0158_3878	ref|WP_027901669.1|	31.405	121	461	367	3	117	28	148	6.98e-10	49.7	99
Pseudomonas_syringae_UMAF0158_3878	ref|WP_024674765.1|	80.503	159	461	553	2	160	27	185	3.31e-85	263	34
Pseudomonas_syringae_pv_syringae_B64_281	ref|WP_024693886.1|	99.519	624	624	624	1	624	1	624	0.0	1252	100
Pseudomonas_syringae_pv_syringae_B64_281	ref|WP_032656593.1|	98.397	624	624	624	1	624	1	624	0.0	1241	100
Pseudomonas_syringae_pv_syringae_B64_281	ref|WP_024658146.1|	85.096	624	624	625	1	623	1	624	0.0	1064	99
Pseudomonas_syringae_pv_syringae_B64_281	ref|WP_024649699.1|	75.991	429	624	510	1	422	1	423	0.0	620	99
Pseudomonas_syringae_pv_syringae_B64_281	ref|WP_024649699.1|	76.316	304	624	510	320	623	206	509	1.91e-168	481	99
Pseudomonas_syringae_pv_syringae_B64_281	ref|WP_024639976.1|	74.242	66	624	487	1	66	1	66	1.87e-26	102	11
Pseudomonas_syringae_pv_syringae_B64_281	ref|WP_005768002.1|	62.963	81	624	486	1	81	1	80	5.16e-26	101	13
Pseudomonas_syringae_pv_syringae_41a_3079	ref|WP_024693886.1|	99.358	623	624	624	1	623	1	623	0.0	1247	99
Pseudomonas_syringae_pv_syringae_41a_3079	ref|WP_032656593.1|	99.037	623	624	624	1	623	1	623	0.0	1245	99
Pseudomonas_syringae_pv_syringae_41a_3079	ref|WP_024658146.1|	84.960	625	624	625	1	624	1	625	0.0	1067	100
Pseudomonas_syringae_pv_syringae_41a_3079	ref|WP_024649699.1|	76.224	429	624	510	1	422	1	423	0.0	621	100
Pseudomonas_syringae_pv_syringae_41a_3079	ref|WP_024649699.1|	76.066	305	624	510	320	624	206	510	8.95e-169	482	100
Pseudomonas_syringae_pv_syringae_41a_3079	ref|WP_024639976.1|	74.242	66	624	487	1	66	1	66	1.86e-26	102	11
Pseudomonas_syringae_pv_syringae_41a_3079	ref|WP_005768002.1|	62.963	81	624	486	1	81	1	80	5.55e-26	101	13
Pseudomonas_syringae_ICMP_4122_6689	ref|WP_032656593.1|	74.346	612	619	624	1	599	1	610	0.0	862	97
Pseudomonas_syringae_ICMP_4122_6689	ref|WP_024693886.1|	74.183	612	619	624	1	599	1	610	0.0	857	97
Pseudomonas_syringae_ICMP_4122_6689	ref|WP_024658146.1|	71.615	613	619	625	1	599	1	611	0.0	831	97
Pseudomonas_syringae_ICMP_4122_6689	ref|WP_024649699.1|	78.588	425	619	510	1	418	1	425	0.0	632	97
Pseudomonas_syringae_ICMP_4122_6689	ref|WP_024649699.1|	48.123	293	619	510	320	599	206	496	3.96e-79	250	97
Pseudomonas_syringae_ICMP_4122_6689	ref|WP_024639976.1|	74.242	66	619	487	1	66	1	66	2.86e-26	102	11
Pseudomonas_syringae_ICMP_4122_6689	ref|WP_005768002.1|	62.963	81	619	486	1	81	1	80	7.75e-26	100	13
Pseudomonas_syringae_pv_syringae_Alf3_2478	ref|WP_024674765.1|	84.496	258	411	553	154	411	296	553	7.21e-149	424	99
Pseudomonas_syringae_pv_syringae_Alf3_2478	ref|WP_024674765.1|	93.750	160	411	553	2	161	27	186	6.18e-105	312	99
Pseudomonas_syringae_pv_syringae_Alf3_2478	ref|WP_024639976.1|	95.000	160	411	487	1	160	26	185	1.13e-105	311	39
Pseudomonas_syringae_pv_syringae_Alf3_2478	ref|WP_005896706.1|	76.562	192	411	486	2	193	27	202	9.42e-97	289	47
Pseudomonas_syringae_pv_syringae_Alf3_2478	ref|WP_005768002.1|	86.792	159	411	486	2	160	27	185	6.45e-95	284	39
Pseudomonas_syringae_pv_syringae_Alf3_2478	ref|WP_024649699.1|	62.500	40	411	510	2	41	27	66	4.32e-11	53.5	10
Pseudomonas_syringae_pv_syringae_Alf3_2478	ref|WP_024693886.1|	62.500	40	411	624	2	41	27	66	5.66e-11	53.5	10
Pseudomonas_syringae_pv_syringae_PssA1M201_17710	ref|WP_032656593.1|	99.840	624	624	624	1	624	1	624	0.0	1256	100
Pseudomonas_syringae_pv_syringae_PssA1M201_17710	ref|WP_024693886.1|	98.558	624	624	624	1	624	1	624	0.0	1242	100
Pseudomonas_syringae_pv_syringae_PssA1M201_17710	ref|WP_024658146.1|	85.096	624	624	625	1	623	1	624	0.0	1068	99
Pseudomonas_syringae_pv_syringae_PssA1M201_17710	ref|WP_024649699.1|	75.758	429	624	510	1	422	1	423	0.0	618	99
Pseudomonas_syringae_pv_syringae_PssA1M201_17710	ref|WP_024649699.1|	76.316	304	624	510	320	623	206	509	5.49e-169	483	99
Pseudomonas_syringae_pv_syringae_PssA1M201_17710	ref|WP_024639976.1|	74.242	66	624	487	1	66	1	66	1.86e-26	102	11
Pseudomonas_syringae_pv_syringae_PssA1M201_17710	ref|WP_005768002.1|	62.963	81	624	486	1	81	1	80	5.65e-26	101	13
Pseudomonas_syringae_pv_syringae_B301D_3084	ref|WP_032656593.1|	99.840	624	624	624	1	624	1	624	0.0	1256	100
Pseudomonas_syringae_pv_syringae_B301D_3084	ref|WP_024693886.1|	98.558	624	624	624	1	624	1	624	0.0	1242	100
Pseudomonas_syringae_pv_syringae_B301D_3084	ref|WP_024658146.1|	85.096	624	624	625	1	623	1	624	0.0	1068	99
Pseudomonas_syringae_pv_syringae_B301D_3084	ref|WP_024649699.1|	75.758	429	624	510	1	422	1	423	0.0	618	99
Pseudomonas_syringae_pv_syringae_B301D_3084	ref|WP_024649699.1|	76.316	304	624	510	320	623	206	509	5.49e-169	483	99
Pseudomonas_syringae_pv_syringae_B301D_3084	ref|WP_024639976.1|	74.242	66	624	487	1	66	1	66	1.86e-26	102	11
Pseudomonas_syringae_pv_syringae_B301D_3084	ref|WP_005768002.1|	62.963	81	624	486	1	81	1	80	5.65e-26	101	13
Pseudomonas_syringae_pv_syringae_B48_20739	ref|WP_032656593.1|	97.115	624	624	624	1	624	1	624	0.0	1226	100
Pseudomonas_syringae_pv_syringae_B48_20739	ref|WP_024693886.1|	96.474	624	624	624	1	624	1	624	0.0	1217	100
Pseudomonas_syringae_pv_syringae_B48_20739	ref|WP_024658146.1|	86.699	624	624	625	1	623	1	624	0.0	1085	99
Pseudomonas_syringae_pv_syringae_B48_20739	ref|WP_024649699.1|	76.224	429	624	510	1	422	1	423	0.0	622	99
Pseudomonas_syringae_pv_syringae_B48_20739	ref|WP_024649699.1|	78.289	304	624	510	320	623	206	509	7.00e-173	492	99
Pseudomonas_syringae_pv_syringae_B48_20739	ref|WP_024639976.1|	74.242	66	624	487	1	66	1	66	1.89e-26	102	11
Pseudomonas_syringae_pv_syringae_B48_20739	ref|WP_005768002.1|	62.963	81	624	486	1	81	1	80	5.70e-26	101	13
Pseudomonas_syringae_pv_syringae_PssA1M140_20740	ref|WP_032656593.1|	74.673	612	619	624	1	599	1	610	0.0	868	97
Pseudomonas_syringae_pv_syringae_PssA1M140_20740	ref|WP_024693886.1|	73.856	612	619	624	1	599	1	610	0.0	861	97
Pseudomonas_syringae_pv_syringae_PssA1M140_20740	ref|WP_024658146.1|	71.941	613	619	625	1	599	1	611	0.0	838	97
Pseudomonas_syringae_pv_syringae_PssA1M140_20740	ref|WP_024649699.1|	76.659	437	619	510	1	430	1	436	0.0	630	97
Pseudomonas_syringae_pv_syringae_PssA1M140_20740	ref|WP_024649699.1|	47.869	305	619	510	308	599	194	496	6.70e-82	257	97
Pseudomonas_syringae_pv_syringae_PssA1M140_20740	ref|WP_024639976.1|	74.242	66	619	487	1	66	1	66	2.59e-26	102	11
Pseudomonas_syringae_pv_syringae_PssA1M140_20740	ref|WP_005768002.1|	62.963	81	619	486	1	81	1	80	6.95e-26	100	13
Pseudomonas_syringae_isolate_CFBP2118_5951	ref|WP_032656593.1|	74.346	612	619	624	1	599	1	610	0.0	866	97
Pseudomonas_syringae_isolate_CFBP2118_5951	ref|WP_024693886.1|	73.529	612	619	624	1	599	1	610	0.0	857	97
Pseudomonas_syringae_isolate_CFBP2118_5951	ref|WP_024658146.1|	71.778	613	619	625	1	599	1	611	0.0	837	97
Pseudomonas_syringae_isolate_CFBP2118_5951	ref|WP_024649699.1|	77.494	431	619	510	1	424	1	431	0.0	632	97
Pseudomonas_syringae_isolate_CFBP2118_5951	ref|WP_024649699.1|	48.464	293	619	510	320	599	206	496	3.88e-81	255	97
Pseudomonas_syringae_isolate_CFBP2118_5951	ref|WP_024639976.1|	74.242	66	619	487	1	66	1	66	2.35e-26	102	11
Pseudomonas_syringae_isolate_CFBP2118_5951	ref|WP_005768002.1|	62.963	81	619	486	1	81	1	80	6.52e-26	100	13
Pseudomonas_syringae_pv_syringae_Pss9644_17750	ref|WP_032656593.1|	74.183	612	619	624	1	599	1	610	0.0	858	97
Pseudomonas_syringae_pv_syringae_Pss9644_17750	ref|WP_024693886.1|	74.020	612	619	624	1	599	1	610	0.0	854	97
Pseudomonas_syringae_pv_syringae_Pss9644_17750	ref|WP_024658146.1|	71.615	613	619	625	1	599	1	611	0.0	832	97
Pseudomonas_syringae_pv_syringae_Pss9644_17750	ref|WP_024649699.1|	77.647	425	619	510	1	418	1	425	0.0	624	97
Pseudomonas_syringae_pv_syringae_Pss9644_17750	ref|WP_024649699.1|	48.464	293	619	510	320	599	206	496	1.66e-79	251	97
Pseudomonas_syringae_pv_syringae_Pss9644_17750	ref|WP_024639976.1|	74.242	66	619	487	1	66	1	66	2.97e-26	102	11
Pseudomonas_syringae_pv_syringae_Pss9644_17750	ref|WP_005768002.1|	62.963	81	619	486	1	81	1	80	8.33e-26	100	13
Pseudomonas_syringae_pv_syringae_PssA1M262_17714	ref|WP_032656593.1|	74.183	612	619	624	1	599	1	610	0.0	858	97
Pseudomonas_syringae_pv_syringae_PssA1M262_17714	ref|WP_024693886.1|	74.020	612	619	624	1	599	1	610	0.0	854	97
Pseudomonas_syringae_pv_syringae_PssA1M262_17714	ref|WP_024658146.1|	71.615	613	619	625	1	599	1	611	0.0	832	97
Pseudomonas_syringae_pv_syringae_PssA1M262_17714	ref|WP_024649699.1|	77.647	425	619	510	1	418	1	425	0.0	624	97
Pseudomonas_syringae_pv_syringae_PssA1M262_17714	ref|WP_024649699.1|	48.464	293	619	510	320	599	206	496	1.66e-79	251	97
Pseudomonas_syringae_pv_syringae_PssA1M262_17714	ref|WP_024639976.1|	74.242	66	619	487	1	66	1	66	2.97e-26	102	11
Pseudomonas_syringae_pv_syringae_PssA1M262_17714	ref|WP_005768002.1|	62.963	81	619	486	1	81	1	80	8.33e-26	100	13
Pseudomonas_syringae_isolate_CFBP4215_6752	ref|WP_032656593.1|	74.346	612	619	624	1	599	1	610	0.0	866	97
Pseudomonas_syringae_isolate_CFBP4215_6752	ref|WP_024693886.1|	73.856	612	619	624	1	599	1	610	0.0	860	97
Pseudomonas_syringae_isolate_CFBP4215_6752	ref|WP_024658146.1|	71.941	613	619	625	1	599	1	611	0.0	840	97
Pseudomonas_syringae_isolate_CFBP4215_6752	ref|WP_024649699.1|	77.726	431	619	510	1	424	1	431	0.0	634	97
Pseudomonas_syringae_isolate_CFBP4215_6752	ref|WP_024649699.1|	48.805	293	619	510	320	599	206	496	6.43e-82	257	97
Pseudomonas_syringae_isolate_CFBP4215_6752	ref|WP_024639976.1|	74.242	66	619	487	1	66	1	66	2.39e-26	102	11
Pseudomonas_syringae_isolate_CFBP4215_6752	ref|WP_005768002.1|	62.963	81	619	486	1	81	1	80	6.12e-26	101	13
Pseudomonas_syringae_pv_syringae_2340_3879	ref|WP_024639976.1|	99.784	462	462	487	1	462	26	487	0.0	935	100
Pseudomonas_syringae_pv_syringae_2340_3879	ref|WP_005768002.1|	89.154	461	462	486	2	462	27	486	0.0	843	99
Pseudomonas_syringae_pv_syringae_2340_3879	ref|WP_005896706.1|	88.503	461	462	486	2	462	27	486	0.0	819	99
Pseudomonas_syringae_pv_syringae_2340_3879	ref|WP_027901668.1|	52.597	308	462	360	160	462	73	360	4.36e-101	297	84
Pseudomonas_syringae_pv_syringae_2340_3879	ref|WP_027901668.1|	37.500	88	462	360	3	88	28	110	7.84e-11	52.8	84
Pseudomonas_syringae_pv_syringae_2340_3879	ref|WP_024674765.1|	90.566	159	462	553	2	160	27	185	1.60e-97	295	34
Pseudomonas_syringae_pv_syringae_2340_3879	ref|WP_027901669.1|	46.260	361	462	367	113	462	28	367	1.20e-95	284	99
Pseudomonas_syringae_pv_syringae_2340_3879	ref|WP_027901669.1|	33.065	124	462	367	3	120	28	151	5.24e-11	53.5	99
Pseudomonas_syringae_pv_syringae_2339_3881	ref|WP_024639976.1|	100.000	462	462	487	1	462	26	487	0.0	935	100
Pseudomonas_syringae_pv_syringae_2339_3881	ref|WP_005768002.1|	89.371	461	462	486	2	462	27	486	0.0	843	99
Pseudomonas_syringae_pv_syringae_2339_3881	ref|WP_005896706.1|	88.720	461	462	486	2	462	27	486	0.0	820	99
Pseudomonas_syringae_pv_syringae_2339_3881	ref|WP_027901668.1|	52.922	308	462	360	160	462	73	360	2.54e-101	298	84
Pseudomonas_syringae_pv_syringae_2339_3881	ref|WP_027901668.1|	37.500	88	462	360	3	88	28	110	7.98e-11	52.8	84
Pseudomonas_syringae_pv_syringae_2339_3881	ref|WP_024674765.1|	90.566	159	462	553	2	160	27	185	1.76e-97	294	34
Pseudomonas_syringae_pv_syringae_2339_3881	ref|WP_027901669.1|	46.537	361	462	367	113	462	28	367	9.29e-96	284	99
Pseudomonas_syringae_pv_syringae_2339_3881	ref|WP_027901669.1|	33.065	124	462	367	3	120	28	151	5.47e-11	53.1	99
Pseudomonas_syringae_pv_syringae_PssA1M250_17721	ref|WP_024639976.1|	100.000	462	462	487	1	462	26	487	0.0	935	100
Pseudomonas_syringae_pv_syringae_PssA1M250_17721	ref|WP_005768002.1|	89.371	461	462	486	2	462	27	486	0.0	843	99
Pseudomonas_syringae_pv_syringae_PssA1M250_17721	ref|WP_005896706.1|	88.720	461	462	486	2	462	27	486	0.0	820	99
Pseudomonas_syringae_pv_syringae_PssA1M250_17721	ref|WP_027901668.1|	52.922	308	462	360	160	462	73	360	2.54e-101	298	84
Pseudomonas_syringae_pv_syringae_PssA1M250_17721	ref|WP_027901668.1|	37.500	88	462	360	3	88	28	110	7.98e-11	52.8	84
Pseudomonas_syringae_pv_syringae_PssA1M250_17721	ref|WP_024674765.1|	90.566	159	462	553	2	160	27	185	1.76e-97	294	34
Pseudomonas_syringae_pv_syringae_PssA1M250_17721	ref|WP_027901669.1|	46.537	361	462	367	113	462	28	367	9.29e-96	284	99
Pseudomonas_syringae_pv_syringae_PssA1M250_17721	ref|WP_027901669.1|	33.065	124	462	367	3	120	28	151	5.47e-11	53.1	99
Pseudomonas_syringae_2675C_6916	ref|WP_024639976.1|	99.784	462	462	487	1	462	26	487	0.0	935	100
Pseudomonas_syringae_2675C_6916	ref|WP_005768002.1|	89.154	461	462	486	2	462	27	486	0.0	843	99
Pseudomonas_syringae_2675C_6916	ref|WP_005896706.1|	88.503	461	462	486	2	462	27	486	0.0	819	99
Pseudomonas_syringae_2675C_6916	ref|WP_027901668.1|	52.597	308	462	360	160	462	73	360	4.36e-101	297	84
Pseudomonas_syringae_2675C_6916	ref|WP_027901668.1|	37.500	88	462	360	3	88	28	110	7.84e-11	52.8	84
Pseudomonas_syringae_2675C_6916	ref|WP_024674765.1|	90.566	159	462	553	2	160	27	185	1.60e-97	295	34
Pseudomonas_syringae_2675C_6916	ref|WP_027901669.1|	46.260	361	462	367	113	462	28	367	1.20e-95	284	99
Pseudomonas_syringae_2675C_6916	ref|WP_027901669.1|	33.065	124	462	367	3	120	28	151	5.24e-11	53.5	99
Pseudomonas_syringae_pv_syringae_B728a_112	ref|WP_024639976.1|	91.558	462	461	487	1	461	26	487	0.0	858	100
Pseudomonas_syringae_pv_syringae_B728a_112	ref|WP_005768002.1|	86.087	460	461	486	2	461	27	486	0.0	813	99
Pseudomonas_syringae_pv_syringae_B728a_112	ref|WP_005896706.1|	85.217	460	461	486	2	461	27	486	0.0	788	99
Pseudomonas_syringae_pv_syringae_B728a_112	ref|WP_027901668.1|	48.433	351	461	360	113	461	28	360	4.46e-101	297	94
Pseudomonas_syringae_pv_syringae_B728a_112	ref|WP_027901668.1|	37.500	88	461	360	3	88	28	110	7.28e-11	52.8	94
Pseudomonas_syringae_pv_syringae_B728a_112	ref|WP_024674765.1|	90.566	159	461	553	2	160	27	185	8.43e-98	295	34
Pseudomonas_syringae_pv_syringae_B728a_112	ref|WP_027901669.1|	48.589	319	461	367	150	461	64	367	7.95e-97	286	93
Pseudomonas_syringae_pv_syringae_B728a_112	ref|WP_027901669.1|	32.520	123	461	367	3	119	28	150	1.21e-10	52.4	93
Pseudomonas_syringae_pv_syringae_PssA1M197_17707	ref|WP_024639976.1|	100.000	441	441	487	1	441	47	487	0.0	894	100
Pseudomonas_syringae_pv_syringae_PssA1M197_17707	ref|WP_005768002.1|	89.342	441	441	486	1	441	47	486	0.0	805	100
Pseudomonas_syringae_pv_syringae_PssA1M197_17707	ref|WP_005896706.1|	88.662	441	441	486	1	441	47	486	0.0	783	100
Pseudomonas_syringae_pv_syringae_PssA1M197_17707	ref|WP_027901668.1|	52.922	308	441	360	139	441	73	360	1.15e-101	298	69
Pseudomonas_syringae_pv_syringae_PssA1M197_17707	ref|WP_027901669.1|	46.537	361	441	367	92	441	28	367	4.30e-96	284	79
Pseudomonas_syringae_pv_syringae_PssA1M197_17707	ref|WP_024674765.1|	90.647	139	441	553	1	139	47	185	2.63e-83	257	32
Pseudomonas_syringae_pv_syringae_HO7_20736	ref|WP_024639976.1|	100.000	441	441	487	1	441	47	487	0.0	894	100
Pseudomonas_syringae_pv_syringae_HO7_20736	ref|WP_005768002.1|	89.342	441	441	486	1	441	47	486	0.0	805	100
Pseudomonas_syringae_pv_syringae_HO7_20736	ref|WP_005896706.1|	88.662	441	441	486	1	441	47	486	0.0	783	100
Pseudomonas_syringae_pv_syringae_HO7_20736	ref|WP_027901668.1|	52.922	308	441	360	139	441	73	360	1.15e-101	298	69
Pseudomonas_syringae_pv_syringae_HO7_20736	ref|WP_027901669.1|	46.537	361	441	367	92	441	28	367	4.30e-96	284	79
Pseudomonas_syringae_pv_syringae_HO7_20736	ref|WP_024674765.1|	90.647	139	441	553	1	139	47	185	2.63e-83	257	32
Pseudomonas_syringae_pv_syringae_529_11454	ref|WP_024639976.1|	99.773	441	441	487	1	441	47	487	0.0	893	100
Pseudomonas_syringae_pv_syringae_529_11454	ref|WP_005768002.1|	89.116	441	441	486	1	441	47	486	0.0	805	100
Pseudomonas_syringae_pv_syringae_529_11454	ref|WP_005896706.1|	88.435	441	441	486	1	441	47	486	0.0	782	100
Pseudomonas_syringae_pv_syringae_529_11454	ref|WP_027901668.1|	52.597	308	441	360	139	441	73	360	1.95e-101	298	69
Pseudomonas_syringae_pv_syringae_529_11454	ref|WP_027901669.1|	46.260	361	441	367	92	441	28	367	7.06e-96	283	79
Pseudomonas_syringae_pv_syringae_529_11454	ref|WP_024674765.1|	90.647	139	441	553	1	139	47	185	2.65e-83	257	32
Pseudomonas_syringae_pv_syringae_HS191_3083	ref|WP_024639976.1|	94.805	462	461	487	1	461	26	487	0.0	890	100
Pseudomonas_syringae_pv_syringae_HS191_3083	ref|WP_005768002.1|	89.348	460	461	486	2	461	27	486	0.0	851	99
Pseudomonas_syringae_pv_syringae_HS191_3083	ref|WP_005896706.1|	89.348	460	461	486	2	461	27	486	0.0	830	99
Pseudomonas_syringae_pv_syringae_HS191_3083	ref|WP_027901668.1|	53.094	307	461	360	160	461	73	360	1.25e-101	299	93
Pseudomonas_syringae_pv_syringae_HS191_3083	ref|WP_027901668.1|	28.462	130	461	360	3	130	28	144	1.71e-10	51.6	93
Pseudomonas_syringae_pv_syringae_HS191_3083	ref|WP_024674765.1|	90.566	159	461	553	2	160	27	185	4.38e-97	293	34
Pseudomonas_syringae_pv_syringae_HS191_3083	ref|WP_027901669.1|	42.931	389	461	367	87	461	8	367	4.35e-95	282	99
Pseudomonas_syringae_pv_syringae_HS191_3083	ref|WP_027901669.1|	33.333	123	461	367	3	119	28	150	8.13e-11	52.8	99
Pseudomonas_syringae_pv_syringae_EC33_20735	ref|WP_024639976.1|	95.238	462	461	487	1	461	26	487	0.0	893	100
Pseudomonas_syringae_pv_syringae_EC33_20735	ref|WP_005768002.1|	89.348	460	461	486	2	461	27	486	0.0	851	99
Pseudomonas_syringae_pv_syringae_EC33_20735	ref|WP_005896706.1|	89.783	460	461	486	2	461	27	486	0.0	832	99
Pseudomonas_syringae_pv_syringae_EC33_20735	ref|WP_027901668.1|	53.094	307	461	360	160	461	73	360	1.36e-101	298	93
Pseudomonas_syringae_pv_syringae_EC33_20735	ref|WP_027901668.1|	28.462	130	461	360	3	130	28	144	9.75e-11	52.4	93
Pseudomonas_syringae_pv_syringae_EC33_20735	ref|WP_024674765.1|	91.195	159	461	553	2	160	27	185	1.50e-97	295	34
Pseudomonas_syringae_pv_syringae_EC33_20735	ref|WP_027901669.1|	42.931	389	461	367	87	461	8	367	4.80e-95	282	99
Pseudomonas_syringae_pv_syringae_EC33_20735	ref|WP_027901669.1|	33.333	123	461	367	3	119	28	150	1.03e-10	52.4	99
Pseudomonas_syringae_2676C_6925	ref|WP_024639976.1|	99.784	462	462	487	1	462	26	487	0.0	935	100
Pseudomonas_syringae_2676C_6925	ref|WP_005768002.1|	89.154	461	462	486	2	462	27	486	0.0	843	99
Pseudomonas_syringae_2676C_6925	ref|WP_005896706.1|	88.503	461	462	486	2	462	27	486	0.0	819	99
Pseudomonas_syringae_2676C_6925	ref|WP_027901668.1|	52.597	308	462	360	160	462	73	360	4.36e-101	297	84
Pseudomonas_syringae_2676C_6925	ref|WP_027901668.1|	37.500	88	462	360	3	88	28	110	7.84e-11	52.8	84
Pseudomonas_syringae_2676C_6925	ref|WP_024674765.1|	90.566	159	462	553	2	160	27	185	1.60e-97	295	34
Pseudomonas_syringae_2676C_6925	ref|WP_027901669.1|	46.260	361	462	367	113	462	28	367	1.20e-95	284	99
Pseudomonas_syringae_2676C_6925	ref|WP_027901669.1|	33.065	124	462	367	3	120	28	151	5.24e-11	53.5	99
Pseudomonas_syringae_pv_papulans_PSP1_20741	ref|WP_024639976.1|	91.383	441	440	487	1	440	47	487	0.0	825	100
Pseudomonas_syringae_pv_papulans_PSP1_20741	ref|WP_005768002.1|	90.227	440	440	486	1	440	47	486	0.0	820	100
Pseudomonas_syringae_pv_papulans_PSP1_20741	ref|WP_005896706.1|	87.727	440	440	486	1	440	47	486	0.0	780	100
Pseudomonas_syringae_pv_papulans_PSP1_20741	ref|WP_027901668.1|	49.003	351	440	360	92	440	28	360	2.88e-104	305	79
Pseudomonas_syringae_pv_papulans_PSP1_20741	ref|WP_027901669.1|	46.175	366	440	367	92	440	28	367	5.30e-98	289	79
Pseudomonas_syringae_pv_papulans_PSP1_20741	ref|WP_024674765.1|	79.856	139	440	553	1	139	47	185	7.15e-72	227	32
Pseudomonas_syringae_ICMP_11293_3802	ref|WP_024639976.1|	87.229	462	461	487	1	461	26	487	0.0	828	100
Pseudomonas_syringae_ICMP_11293_3802	ref|WP_005768002.1|	86.304	460	461	486	2	461	27	486	0.0	816	99
Pseudomonas_syringae_ICMP_11293_3802	ref|WP_005896706.1|	83.043	460	461	486	2	461	27	486	0.0	776	99
Pseudomonas_syringae_ICMP_11293_3802	ref|WP_027901668.1|	55.229	306	461	360	160	461	73	360	1.07e-103	304	85
Pseudomonas_syringae_ICMP_11293_3802	ref|WP_027901668.1|	35.556	90	461	360	3	90	28	112	2.37e-10	51.2	85
Pseudomonas_syringae_ICMP_11293_3802	ref|WP_027901669.1|	47.472	356	461	367	113	461	28	367	5.51e-101	297	99
Pseudomonas_syringae_ICMP_11293_3802	ref|WP_027901669.1|	31.405	121	461	367	3	117	28	148	7.97e-10	49.7	99
Pseudomonas_syringae_ICMP_11293_3802	ref|WP_024674765.1|	80.503	159	461	553	2	160	27	185	3.72e-85	262	34
Pseudomonas_syringae_260-02_11495	ref|WP_024674765.1|	86.174	528	529	553	2	529	27	553	0.0	907	99
Pseudomonas_syringae_260-02_11495	ref|WP_024639976.1|	95.000	160	529	487	1	160	26	185	8.56e-104	311	30
Pseudomonas_syringae_260-02_11495	ref|WP_005896706.1|	89.308	159	529	486	2	160	27	185	1.73e-95	290	30
Pseudomonas_syringae_260-02_11495	ref|WP_005768002.1|	87.421	159	529	486	2	160	27	185	5.23e-94	286	30
Pseudomonas_syringae_260-02_11495	ref|WP_024649699.1|	62.500	40	529	510	2	41	27	66	7.40e-11	53.5	8
Pseudomonas_syringae_260-02_11495	ref|WP_024693886.1|	62.500	40	529	624	2	41	27	66	9.75e-11	53.1	8
Pseudomonas_syringae_1188_1_11471	ref|WP_024693886.1|	99.197	623	624	624	1	623	1	623	0.0	1246	99
Pseudomonas_syringae_1188_1_11471	ref|WP_032656593.1|	98.876	623	624	624	1	623	1	623	0.0	1244	99
Pseudomonas_syringae_1188_1_11471	ref|WP_024658146.1|	84.800	625	624	625	1	624	1	625	0.0	1065	100
Pseudomonas_syringae_1188_1_11471	ref|WP_024649699.1|	75.991	429	624	510	1	422	1	423	0.0	619	100
Pseudomonas_syringae_1188_1_11471	ref|WP_024649699.1|	76.066	305	624	510	320	624	206	510	1.15e-168	481	100
Pseudomonas_syringae_1188_1_11471	ref|WP_024639976.1|	72.727	66	624	487	1	66	1	66	9.10e-26	100	11
Pseudomonas_syringae_1188_1_11471	ref|WP_005768002.1|	61.728	81	624	486	1	81	1	80	2.62e-25	99.4	13
Pseudomonas_syringae_BS0292_5537	ref|WP_032656593.1|	99.037	623	624	624	1	623	1	623	0.0	1245	99
Pseudomonas_syringae_BS0292_5537	ref|WP_024693886.1|	99.037	623	624	624	1	623	1	623	0.0	1243	99
Pseudomonas_syringae_BS0292_5537	ref|WP_024658146.1|	84.800	625	624	625	1	624	1	625	0.0	1064	100
Pseudomonas_syringae_BS0292_5537	ref|WP_024649699.1|	76.457	429	624	510	1	422	1	423	0.0	623	100
Pseudomonas_syringae_BS0292_5537	ref|WP_024649699.1|	76.066	305	624	510	320	624	206	510	8.95e-169	482	100
Pseudomonas_syringae_BS0292_5537	ref|WP_024639976.1|	74.242	66	624	487	1	66	1	66	1.76e-26	102	11
Pseudomonas_syringae_BS0292_5537	ref|WP_005768002.1|	62.963	81	624	486	1	81	1	80	5.70e-26	101	13
Pseudomonas_syringae_BIM_B-268_17583	ref|WP_024649699.1|	99.608	510	510	510	1	510	1	510	0.0	1030	100
Pseudomonas_syringae_BIM_B-268_17583	ref|WP_024693886.1|	75.991	429	510	624	1	423	1	422	0.0	618	99
Pseudomonas_syringae_BIM_B-268_17583	ref|WP_024693886.1|	75.987	304	510	624	206	509	320	623	2.02e-159	457	99
Pseudomonas_syringae_BIM_B-268_17583	ref|WP_032656593.1|	75.758	429	510	624	1	423	1	422	0.0	617	99
Pseudomonas_syringae_BIM_B-268_17583	ref|WP_032656593.1|	76.645	304	510	624	206	509	320	623	1.25e-161	463	99
Pseudomonas_syringae_BIM_B-268_17583	ref|WP_024658146.1|	73.380	432	510	625	1	425	1	425	0.0	600	100
Pseudomonas_syringae_BIM_B-268_17583	ref|WP_024658146.1|	83.333	306	510	625	206	510	320	625	7.62e-180	510	100
Pseudomonas_syringae_BIM_B-268_17583	ref|WP_024639976.1|	74.242	66	510	487	1	66	1	66	8.11e-27	103	13
Pseudomonas_syringae_BIM_B-268_17583	ref|WP_005768002.1|	62.963	81	510	486	1	81	1	80	2.32e-26	101	16
Pseudomonas_syringae_2507_4122	ref|WP_024693886.1|	99.519	624	624	624	1	624	1	624	0.0	1252	100
Pseudomonas_syringae_2507_4122	ref|WP_032656593.1|	98.397	624	624	624	1	624	1	624	0.0	1241	100
Pseudomonas_syringae_2507_4122	ref|WP_024658146.1|	85.096	624	624	625	1	623	1	624	0.0	1064	99
Pseudomonas_syringae_2507_4122	ref|WP_024649699.1|	75.991	429	624	510	1	422	1	423	0.0	620	99
Pseudomonas_syringae_2507_4122	ref|WP_024649699.1|	76.316	304	624	510	320	623	206	509	1.91e-168	481	99
Pseudomonas_syringae_2507_4122	ref|WP_024639976.1|	74.242	66	624	487	1	66	1	66	1.87e-26	102	11
Pseudomonas_syringae_2507_4122	ref|WP_005768002.1|	62.963	81	624	486	1	81	1	80	5.16e-26	101	13
Pseudomonas_syringae_1845_4123	ref|WP_024693886.1|	99.840	624	624	624	1	624	1	624	0.0	1254	100
Pseudomonas_syringae_1845_4123	ref|WP_032656593.1|	98.558	624	624	624	1	624	1	624	0.0	1242	100
Pseudomonas_syringae_1845_4123	ref|WP_024658146.1|	84.776	624	624	625	1	623	1	624	0.0	1062	99
Pseudomonas_syringae_1845_4123	ref|WP_024649699.1|	75.991	429	624	510	1	422	1	423	0.0	619	99
Pseudomonas_syringae_1845_4123	ref|WP_024649699.1|	75.987	304	624	510	320	623	206	509	6.11e-168	480	99
Pseudomonas_syringae_1845_4123	ref|WP_024639976.1|	74.242	66	624	487	1	66	1	66	1.87e-26	102	11
Pseudomonas_syringae_1845_4123	ref|WP_005768002.1|	62.963	81	624	486	1	81	1	80	5.16e-26	101	13
Pseudomonas_syringae_Dr_447_1_17557	ref|WP_024639976.1|	94.558	441	440	487	1	440	47	487	0.0	845	100
Pseudomonas_syringae_Dr_447_1_17557	ref|WP_005768002.1|	88.864	440	440	486	1	440	47	486	0.0	807	100
Pseudomonas_syringae_Dr_447_1_17557	ref|WP_005896706.1|	89.545	440	440	486	1	440	47	486	0.0	792	100
Pseudomonas_syringae_Dr_447_1_17557	ref|WP_027901668.1|	48.588	354	440	360	92	440	28	360	4.63e-101	296	79
Pseudomonas_syringae_Dr_447_1_17557	ref|WP_027901669.1|	47.239	326	440	367	129	440	64	367	1.18e-94	280	71
Pseudomonas_syringae_Dr_447_1_17557	ref|WP_024674765.1|	92.086	139	440	553	1	139	47	185	1.83e-84	260	32
Pseudomonas_syringae_BRIP34881_444	ref|WP_024639976.1|	94.558	441	440	487	1	440	47	487	0.0	845	100
Pseudomonas_syringae_BRIP34881_444	ref|WP_005768002.1|	88.864	440	440	486	1	440	47	486	0.0	807	100
Pseudomonas_syringae_BRIP34881_444	ref|WP_005896706.1|	89.545	440	440	486	1	440	47	486	0.0	792	100
Pseudomonas_syringae_BRIP34881_444	ref|WP_027901668.1|	48.588	354	440	360	92	440	28	360	4.63e-101	296	79
Pseudomonas_syringae_BRIP34881_444	ref|WP_027901669.1|	47.239	326	440	367	129	440	64	367	1.18e-94	280	71
Pseudomonas_syringae_BRIP34881_444	ref|WP_024674765.1|	92.086	139	440	553	1	139	47	185	1.83e-84	260	32
Pseudomonas_syringae_BRIP65014-c_20724	ref|WP_024639976.1|	94.558	441	440	487	1	440	47	487	0.0	846	100
Pseudomonas_syringae_BRIP65014-c_20724	ref|WP_005768002.1|	89.318	440	440	486	1	440	47	486	0.0	813	100
Pseudomonas_syringae_BRIP65014-c_20724	ref|WP_005896706.1|	89.318	440	440	486	1	440	47	486	0.0	792	100
Pseudomonas_syringae_BRIP65014-c_20724	ref|WP_027901668.1|	53.094	307	440	360	139	440	73	360	9.63e-102	298	69
Pseudomonas_syringae_BRIP65014-c_20724	ref|WP_027901669.1|	42.931	389	440	367	66	440	8	367	2.58e-95	282	85
Pseudomonas_syringae_BRIP65014-c_20724	ref|WP_024674765.1|	90.647	139	440	553	1	139	47	185	7.14e-83	256	32
Pseudomonas_syringae_Erzin_2_17572	ref|WP_024639976.1|	95.011	441	440	487	1	440	47	487	0.0	849	100
Pseudomonas_syringae_Erzin_2_17572	ref|WP_005768002.1|	89.318	440	440	486	1	440	47	486	0.0	813	100
Pseudomonas_syringae_Erzin_2_17572	ref|WP_005896706.1|	89.773	440	440	486	1	440	47	486	0.0	795	100
Pseudomonas_syringae_Erzin_2_17572	ref|WP_027901668.1|	53.094	307	440	360	139	440	73	360	7.12e-102	298	69
Pseudomonas_syringae_Erzin_2_17572	ref|WP_027901669.1|	42.931	389	440	367	66	440	8	367	2.73e-95	282	85
Pseudomonas_syringae_Erzin_2_17572	ref|WP_024674765.1|	91.367	139	440	553	1	139	47	185	2.02e-83	257	32
Pseudomonas_syringae_Erzin_1_17571	ref|WP_024639976.1|	95.011	441	440	487	1	440	47	487	0.0	849	100
Pseudomonas_syringae_Erzin_1_17571	ref|WP_005768002.1|	89.318	440	440	486	1	440	47	486	0.0	813	100
Pseudomonas_syringae_Erzin_1_17571	ref|WP_005896706.1|	89.773	440	440	486	1	440	47	486	0.0	795	100
Pseudomonas_syringae_Erzin_1_17571	ref|WP_027901668.1|	53.094	307	440	360	139	440	73	360	7.12e-102	298	69
Pseudomonas_syringae_Erzin_1_17571	ref|WP_027901669.1|	42.931	389	440	367	66	440	8	367	2.73e-95	282	85
Pseudomonas_syringae_Erzin_1_17571	ref|WP_024674765.1|	91.367	139	440	553	1	139	47	185	2.02e-83	257	32
Pseudomonas_syringae_Erdemli_6_17567	ref|WP_024639976.1|	95.238	462	461	487	1	461	26	487	0.0	893	100
Pseudomonas_syringae_Erdemli_6_17567	ref|WP_005768002.1|	89.348	460	461	486	2	461	27	486	0.0	851	99
Pseudomonas_syringae_Erdemli_6_17567	ref|WP_005896706.1|	89.783	460	461	486	2	461	27	486	0.0	832	99
Pseudomonas_syringae_Erdemli_6_17567	ref|WP_027901668.1|	53.094	307	461	360	160	461	73	360	1.36e-101	298	93
Pseudomonas_syringae_Erdemli_6_17567	ref|WP_027901668.1|	28.462	130	461	360	3	130	28	144	9.75e-11	52.4	93
Pseudomonas_syringae_Erdemli_6_17567	ref|WP_024674765.1|	91.195	159	461	553	2	160	27	185	1.50e-97	295	34
Pseudomonas_syringae_Erdemli_6_17567	ref|WP_027901669.1|	42.931	389	461	367	87	461	8	367	4.80e-95	282	99
Pseudomonas_syringae_Erdemli_6_17567	ref|WP_027901669.1|	33.333	123	461	367	3	119	28	150	1.03e-10	52.4	99
Pseudomonas_syringae_Erdemli_3_17569	ref|WP_024639976.1|	95.238	462	461	487	1	461	26	487	0.0	893	100
Pseudomonas_syringae_Erdemli_3_17569	ref|WP_005768002.1|	89.348	460	461	486	2	461	27	486	0.0	851	99
Pseudomonas_syringae_Erdemli_3_17569	ref|WP_005896706.1|	89.783	460	461	486	2	461	27	486	0.0	832	99
Pseudomonas_syringae_Erdemli_3_17569	ref|WP_027901668.1|	53.094	307	461	360	160	461	73	360	1.36e-101	298	93
Pseudomonas_syringae_Erdemli_3_17569	ref|WP_027901668.1|	28.462	130	461	360	3	130	28	144	9.75e-11	52.4	93
Pseudomonas_syringae_Erdemli_3_17569	ref|WP_024674765.1|	91.195	159	461	553	2	160	27	185	1.50e-97	295	34
Pseudomonas_syringae_Erdemli_3_17569	ref|WP_027901669.1|	42.931	389	461	367	87	461	8	367	4.80e-95	282	99
Pseudomonas_syringae_Erdemli_3_17569	ref|WP_027901669.1|	33.333	123	461	367	3	119	28	150	1.03e-10	52.4	99
Pseudomonas_syringae_BRIP39023_442	ref|WP_024639976.1|	91.558	462	461	487	1	461	26	487	0.0	865	100
Pseudomonas_syringae_BRIP39023_442	ref|WP_005768002.1|	90.217	460	461	486	2	461	27	486	0.0	856	99
Pseudomonas_syringae_BRIP39023_442	ref|WP_005896706.1|	87.609	460	461	486	2	461	27	486	0.0	814	99
Pseudomonas_syringae_BRIP39023_442	ref|WP_027901668.1|	49.003	351	461	360	113	461	28	360	1.28e-103	304	95
Pseudomonas_syringae_BRIP39023_442	ref|WP_027901668.1|	36.170	94	461	360	3	93	28	116	2.29e-10	51.2	95
Pseudomonas_syringae_BRIP39023_442	ref|WP_027901669.1|	45.902	366	461	367	113	461	28	367	3.86e-97	287	99
Pseudomonas_syringae_BRIP39023_442	ref|WP_027901669.1|	31.405	121	461	367	3	117	28	148	6.98e-10	49.7	99
Pseudomonas_syringae_BRIP39023_442	ref|WP_024674765.1|	80.503	159	461	553	2	160	27	185	3.31e-85	263	34
Pseudomonas_syringae_Dortyol_2015_6_17564	ref|WP_024674765.1|	86.614	508	508	553	1	508	47	553	0.0	879	100
Pseudomonas_syringae_Dortyol_2015_6_17564	ref|WP_024639976.1|	92.086	139	508	487	1	139	47	185	7.84e-85	261	27
Pseudomonas_syringae_Dortyol_2015_6_17564	ref|WP_005768002.1|	87.770	139	508	486	1	139	47	185	1.27e-79	248	27
Pseudomonas_syringae_Dortyol_2015_6_17564	ref|WP_005896706.1|	87.050	139	508	486	1	139	47	185	1.01e-78	245	27
Pseudomonas_syringae_NCPPB_3871_5835	ref|WP_024639976.1|	91.558	462	461	487	1	461	26	487	0.0	865	100
Pseudomonas_syringae_NCPPB_3871_5835	ref|WP_005768002.1|	90.217	460	461	486	2	461	27	486	0.0	856	99
Pseudomonas_syringae_NCPPB_3871_5835	ref|WP_005896706.1|	87.609	460	461	486	2	461	27	486	0.0	814	99
Pseudomonas_syringae_NCPPB_3871_5835	ref|WP_027901668.1|	49.003	351	461	360	113	461	28	360	1.28e-103	304	95
Pseudomonas_syringae_NCPPB_3871_5835	ref|WP_027901668.1|	36.170	94	461	360	3	93	28	116	2.29e-10	51.2	95
Pseudomonas_syringae_NCPPB_3871_5835	ref|WP_027901669.1|	45.902	366	461	367	113	461	28	367	3.86e-97	287	99
Pseudomonas_syringae_NCPPB_3871_5835	ref|WP_027901669.1|	31.405	121	461	367	3	117	28	148	6.98e-10	49.7	99
Pseudomonas_syringae_NCPPB_3871_5835	ref|WP_024674765.1|	80.503	159	461	553	2	160	27	185	3.31e-85	263	34
Pseudomonas_syringae_MUP32_20727	ref|WP_024649699.1|	99.804	510	510	510	1	510	1	510	0.0	1033	100
Pseudomonas_syringae_MUP32_20727	ref|WP_024693886.1|	75.991	429	510	624	1	423	1	422	0.0	618	99
Pseudomonas_syringae_MUP32_20727	ref|WP_024693886.1|	75.987	304	510	624	206	509	320	623	1.05e-159	458	99
Pseudomonas_syringae_MUP32_20727	ref|WP_032656593.1|	75.758	429	510	624	1	423	1	422	0.0	617	99
Pseudomonas_syringae_MUP32_20727	ref|WP_032656593.1|	76.316	304	510	624	206	509	320	623	6.71e-161	461	99
Pseudomonas_syringae_MUP32_20727	ref|WP_024658146.1|	73.380	432	510	625	1	425	1	425	0.0	600	100
Pseudomonas_syringae_MUP32_20727	ref|WP_024658146.1|	83.007	306	510	625	206	510	320	625	4.29e-179	508	100
Pseudomonas_syringae_MUP32_20727	ref|WP_024639976.1|	74.242	66	510	487	1	66	1	66	8.33e-27	103	13
Pseudomonas_syringae_MUP32_20727	ref|WP_005768002.1|	62.963	81	510	486	1	81	1	80	2.51e-26	101	16
Pseudomonas_syringae_CAS02_17541	ref|WP_024674765.1|	85.327	443	457	553	15	457	112	553	0.0	746	97
Pseudomonas_syringae_CAS02_17541	ref|WP_024639976.1|	88.158	76	457	487	13	88	110	185	3.87e-39	137	17
Pseudomonas_syringae_CAS02_17541	ref|WP_005896706.1|	76.404	89	457	486	7	88	97	185	8.83e-38	134	18
Pseudomonas_syringae_CAS02_17541	ref|WP_005768002.1|	74.157	89	457	486	7	88	97	185	9.10e-36	128	18
Pseudomonas_syringae_BS3827_5522	ref|WP_024674765.1|	84.496	258	390	553	133	390	296	553	2.25e-149	425	100
Pseudomonas_syringae_BS3827_5522	ref|WP_024674765.1|	95.000	140	390	553	1	140	47	186	1.22e-91	276	100
Pseudomonas_syringae_BS3827_5522	ref|WP_024639976.1|	94.964	139	390	487	1	139	47	185	2.69e-90	271	36
Pseudomonas_syringae_BS3827_5522	ref|WP_005896706.1|	75.581	172	390	486	1	172	47	202	1.63e-83	254	44
Pseudomonas_syringae_BS3827_5522	ref|WP_005768002.1|	87.050	139	390	486	1	139	47	185	3.00e-81	248	36
Pseudomonas_syringae_BS3829_5514	ref|WP_024649699.1|	99.412	510	510	510	1	510	1	510	0.0	1027	100
Pseudomonas_syringae_BS3829_5514	ref|WP_024693886.1|	75.991	429	510	624	1	423	1	422	0.0	617	99
Pseudomonas_syringae_BS3829_5514	ref|WP_024693886.1|	75.987	304	510	624	206	509	320	623	1.41e-159	458	99
Pseudomonas_syringae_BS3829_5514	ref|WP_032656593.1|	75.758	429	510	624	1	423	1	422	0.0	617	99
Pseudomonas_syringae_BS3829_5514	ref|WP_032656593.1|	76.316	304	510	624	206	509	320	623	6.49e-161	461	99
Pseudomonas_syringae_BS3829_5514	ref|WP_024658146.1|	73.380	432	510	625	1	425	1	425	0.0	600	100
Pseudomonas_syringae_BS3829_5514	ref|WP_024658146.1|	83.007	306	510	625	206	510	320	625	4.34e-179	508	100
Pseudomonas_syringae_BS3829_5514	ref|WP_024639976.1|	74.242	66	510	487	1	66	1	66	8.03e-27	103	13
Pseudomonas_syringae_BS3829_5514	ref|WP_005768002.1|	62.963	81	510	486	1	81	1	80	2.36e-26	101	16
Pseudomonas_syringae_BS2900_5075	ref|WP_024658146.1|	91.176	204	414	625	1	204	1	204	1.31e-125	367	49
Pseudomonas_syringae_BS2900_5075	ref|WP_024649699.1|	89.706	204	414	510	1	204	1	204	1.88e-124	360	49
Pseudomonas_syringae_BS2900_5075	ref|WP_024693886.1|	90.196	204	414	624	1	204	1	204	7.61e-124	363	49
Pseudomonas_syringae_BS2900_5075	ref|WP_032656593.1|	89.706	204	414	624	1	204	1	204	1.94e-123	362	49
Pseudomonas_syringae_BS2900_5075	ref|WP_005896706.1|	65.432	81	414	486	1	81	1	80	6.69e-28	105	20
Pseudomonas_syringae_BS2900_5075	ref|WP_005768002.1|	65.432	81	414	486	1	81	1	80	1.01e-27	104	20
Pseudomonas_syringae_pv_dysoxyli_CFBP_2356_12226	ref|WP_024639976.1|	91.558	462	461	487	1	461	26	487	0.0	865	100
Pseudomonas_syringae_pv_dysoxyli_CFBP_2356_12226	ref|WP_005768002.1|	90.217	460	461	486	2	461	27	486	0.0	856	99
Pseudomonas_syringae_pv_dysoxyli_CFBP_2356_12226	ref|WP_005896706.1|	87.609	460	461	486	2	461	27	486	0.0	814	99
Pseudomonas_syringae_pv_dysoxyli_CFBP_2356_12226	ref|WP_027901668.1|	49.003	351	461	360	113	461	28	360	1.28e-103	304	95
Pseudomonas_syringae_pv_dysoxyli_CFBP_2356_12226	ref|WP_027901668.1|	36.170	94	461	360	3	93	28	116	2.29e-10	51.2	95
Pseudomonas_syringae_pv_dysoxyli_CFBP_2356_12226	ref|WP_027901669.1|	45.902	366	461	367	113	461	28	367	3.86e-97	287	99
Pseudomonas_syringae_pv_dysoxyli_CFBP_2356_12226	ref|WP_027901669.1|	31.405	121	461	367	3	117	28	148	6.98e-10	49.7	99
Pseudomonas_syringae_pv_dysoxyli_CFBP_2356_12226	ref|WP_024674765.1|	80.503	159	461	553	2	160	27	185	3.31e-85	263	34
Pseudomonas_syringae_pv_cilantro_0788_9_3786	ref|WP_024658146.1|	83.680	625	624	625	1	624	1	625	0.0	1053	100
Pseudomonas_syringae_pv_cilantro_0788_9_3786	ref|WP_032656593.1|	82.343	623	624	624	1	623	1	623	0.0	1014	99
Pseudomonas_syringae_pv_cilantro_0788_9_3786	ref|WP_024693886.1|	82.343	623	624	624	1	623	1	623	0.0	1012	99
Pseudomonas_syringae_pv_cilantro_0788_9_3786	ref|WP_024649699.1|	66.525	472	624	510	1	463	1	458	0.0	583	100
Pseudomonas_syringae_pv_cilantro_0788_9_3786	ref|WP_024649699.1|	72.039	304	624	510	321	624	207	510	3.35e-157	452	100
Pseudomonas_syringae_pv_cilantro_0788_9_3786	ref|WP_005896706.1|	77.273	66	624	486	1	66	1	66	1.18e-27	106	11
Pseudomonas_syringae_pv_cilantro_0788_9_3786	ref|WP_005768002.1|	66.667	81	624	486	1	81	1	80	2.10e-27	105	13
Pseudomonas_syringae_pv_lapsa_PslA1M171_17765	ref|WP_024649699.1|	99.804	510	510	510	1	510	1	510	0.0	1033	100
Pseudomonas_syringae_pv_lapsa_PslA1M171_17765	ref|WP_024693886.1|	75.991	429	510	624	1	423	1	422	0.0	618	99
Pseudomonas_syringae_pv_lapsa_PslA1M171_17765	ref|WP_024693886.1|	75.987	304	510	624	206	509	320	623	1.05e-159	458	99
Pseudomonas_syringae_pv_lapsa_PslA1M171_17765	ref|WP_032656593.1|	75.758	429	510	624	1	423	1	422	0.0	617	99
Pseudomonas_syringae_pv_lapsa_PslA1M171_17765	ref|WP_032656593.1|	76.316	304	510	624	206	509	320	623	6.71e-161	461	99
Pseudomonas_syringae_pv_lapsa_PslA1M171_17765	ref|WP_024658146.1|	73.380	432	510	625	1	425	1	425	0.0	600	100
Pseudomonas_syringae_pv_lapsa_PslA1M171_17765	ref|WP_024658146.1|	83.007	306	510	625	206	510	320	625	4.29e-179	508	100
Pseudomonas_syringae_pv_lapsa_PslA1M171_17765	ref|WP_024639976.1|	74.242	66	510	487	1	66	1	66	8.33e-27	103	13
Pseudomonas_syringae_pv_lapsa_PslA1M171_17765	ref|WP_005768002.1|	62.963	81	510	486	1	81	1	80	2.51e-26	101	16
Pseudomonas_syringae_pv_helianthi_LMG_5067_14836	ref|WP_024649699.1|	93.333	510	510	510	1	510	1	510	0.0	952	100
Pseudomonas_syringae_pv_helianthi_LMG_5067_14836	ref|WP_024693886.1|	74.825	429	510	624	1	423	1	422	0.0	615	99
Pseudomonas_syringae_pv_helianthi_LMG_5067_14836	ref|WP_024693886.1|	75.000	316	510	624	194	509	308	623	1.55e-164	471	99
Pseudomonas_syringae_pv_helianthi_LMG_5067_14836	ref|WP_032656593.1|	74.592	429	510	624	1	423	1	422	0.0	614	99
Pseudomonas_syringae_pv_helianthi_LMG_5067_14836	ref|WP_032656593.1|	75.949	316	510	624	194	509	308	623	4.62e-167	477	99
Pseudomonas_syringae_pv_helianthi_LMG_5067_14836	ref|WP_024658146.1|	72.454	432	510	625	1	425	1	425	0.0	596	100
Pseudomonas_syringae_pv_helianthi_LMG_5067_14836	ref|WP_024658146.1|	81.132	318	510	625	194	510	308	625	0.0	515	100
Pseudomonas_syringae_pv_helianthi_LMG_5067_14836	ref|WP_024639976.1|	72.727	66	510	487	1	66	1	66	2.11e-26	101	13
Pseudomonas_syringae_pv_helianthi_LMG_5067_14836	ref|WP_005768002.1|	62.963	81	510	486	1	81	1	80	2.73e-26	101	16
Pseudomonas_syringae_pv_lapsa_ATCC_10859_3811	ref|WP_024674765.1|	92.505	507	507	553	1	507	47	553	0.0	939	100
Pseudomonas_syringae_pv_lapsa_ATCC_10859_3811	ref|WP_024639976.1|	89.928	139	507	487	1	139	47	185	2.13e-82	254	27
Pseudomonas_syringae_pv_lapsa_ATCC_10859_3811	ref|WP_005896706.1|	87.050	139	507	486	1	139	47	185	2.48e-79	247	27
Pseudomonas_syringae_pv_lapsa_ATCC_10859_3811	ref|WP_005768002.1|	85.612	139	507	486	1	139	47	185	7.52e-78	243	27
Pseudomonas_syringae_RAYR-BL_17598	ref|WP_024658146.1|	75.530	613	625	625	1	605	1	611	0.0	900	97
Pseudomonas_syringae_RAYR-BL_17598	ref|WP_032656593.1|	73.203	612	625	624	1	605	1	610	0.0	859	97
Pseudomonas_syringae_RAYR-BL_17598	ref|WP_024693886.1|	73.203	612	625	624	1	605	1	610	0.0	857	97
Pseudomonas_syringae_RAYR-BL_17598	ref|WP_024649699.1|	73.077	442	625	510	1	435	1	434	0.0	608	97
Pseudomonas_syringae_RAYR-BL_17598	ref|WP_024649699.1|	53.584	293	625	510	320	605	206	496	1.96e-98	301	97
Pseudomonas_syringae_RAYR-BL_17598	ref|WP_005896706.1|	75.758	66	625	486	1	66	1	66	6.53e-27	103	11
Pseudomonas_syringae_RAYR-BL_17598	ref|WP_005768002.1|	65.432	81	625	486	1	81	1	80	7.98e-27	103	13
