SAMPLE	Tailocin_type	Coverage
Pseudomonas_syringae_7928A_6990	T1	97
Pseudomonas_syringae_CFBP_8692_12247	T2	99
Pseudomonas_syringae_pv_tomato_BRIP38746_11422	T2	100
Pseudomonas_syringae_R1079_7297	T1	97
Pseudomonas_syringae_pv_actinidiae_str_Shaanxi_M228_11439	T1	100
Pseudomonas_syringae_pv_actinidiae_PSAAH01_20743	T1	100
Pseudomonas_syringae_pv_actinidifoliorum_ICMP_18803_20753	T1	100
Pseudomonas_syringae_pv_tagetis_ICMP_4091_14835	T1	100
Pseudomonas_syringae_isolate_CFBP3840_6707	T1	100
Pseudomonas_syringae_pv_maculicola_str_ES4326_12204	T2	100
Pseudomonas_syringae_pv_maculicola_M4a_3822	T2	100
Pseudomonas_syringae_BS2732_5563	T1	100
Pseudomonas_syringae_Psy33_20718	T1	100
Pseudomonas_syringae_Pss9656_6144	T1	100
Pseudomonas_syringae_PA-5-3G_17692	T1	100
Pseudomonas_syringae_Pss9654_5872	T1	100
Pseudomonas_syringae_PsA1M246_17694	T1	97
Pseudomonas_syringae_PA-2-9E_17695	T1	97
Pseudomonas_syringae_psy100_6403	T2	100
Pseudomonas_syringae_PA-5-3F_17693	T2	100
Pseudomonas_syringae_Kozan_2015_1_17562	T2	100
Pseudomonas_syringae_31R1_5320	T2	100
Pseudomonas_syringae_MUP17_20728	T2	100
Pseudomonas_syringae_KCTC_12500_26106	T2	100
Pseudomonas_syringae_Karpuz_1_hishtil_a_17552	T2	100
Pseudomonas_syringae_P121_12232	T2	100
Pseudomonas_syringae_CC1557_3076	T2	100
Pseudomonas_syringae_StP26_17597	T2	100
Pseudomonas_syringae_LMG5095_7342	T2	100
Pseudomonas_syringae_U888_17589	T2	100
Pseudomonas_syringae_P108_12228	T2	100
Pseudomonas_syringae_U643_17595	T2	99
Pseudomonas_syringae_SV921_17588	T2	99
Pseudomonas_syringae_Tule230_17587	T2	99
Pseudomonas_syringae_SV1599_17591	T1	100
Pseudomonas_syringae_SHV323_17590	T1	100
Pseudomonas_syringae_5264_5873	T1	100
Pseudomonas_syringae_44527_20732	T1	100
Pseudomonas_syringae_Susan762_17594	T1	100
Pseudomonas_syringae_Sevgi_fide_PST_17555	T1	100
Pseudomonas_syringae_Tule1434_17592	T1	100
Pseudomonas_syringae_KF529_17593	T1	100
Pseudomonas_syringae_Susan2139_17596	T1	100
Pseudomonas_syringae_PA-1-11B_17691	T1	100
Pseudomonas_syringae_MUP20_20716	T1	100
Pseudomonas_syringae_SHV1866_17586	T1	100
Pseudomonas_syringae_MB03_4121	T1	97
Pseudomonas_syringae_M11_20731	T1	100
Pseudomonas_syringae_RMP66_6987	T2	100
Pseudomonas_syringae_P78_12243	T2	99
Pseudomonas_syringae_NZ45_6142	T1	100
Pseudomonas_syringae_pv_avellanae_str_ISPaVe013_26105	T1	97
Pseudomonas_syringae_pv_avellanae_ISPaVe037_292	T1	97
Pseudomonas_syringae_pv_aptata_G733_11468	T1	97
Pseudomonas_syringae_isolate_CFBP6109_6963	T1	97
Pseudomonas_syringae_pv_syringae_UMAF7000_17735	T2	100
Pseudomonas_syringae_pv_syringae_UMAF2016_17739	T2	100
Pseudomonas_syringae_pv_syringae_UMAF1003_17741	T2	100
Pseudomonas_syringae_pv_syringae_S2_2_20738	T2	100
Pseudomonas_syringae_pv_syringae_UMAF2600_17732	T2	100
Pseudomonas_syringae_CC457_20754	T2	100
Pseudomonas_syringae_pv_maculicola_YM7930_3817	T2	100
Pseudomonas_syringae_pv_syringae_SM_282	T2	99
Pseudomonas_syringae_pv_syringae_UMAF0271_17740	T1	100
Pseudomonas_syringae_pv_syringae_UMAF2801_17738	T1	100
Pseudomonas_syringae_pv_syringae_UMAF0176_17744	T1	100
Pseudomonas_syringae_pv_syringae_UMAF3028_17702	T1	100
Pseudomonas_syringae_CFBP_2116_6934	T1	100
Pseudomonas_syringae_pv_syringae_UMAF1013_17734	T1	97
Pseudomonas_syringae_pv_syringae_UMAF0297_17737	T1	97
Pseudomonas_syringae_pv_syringae_UMAF2815_17736	T2	99
Pseudomonas_syringae_USA011_12213	T2	100
Pseudomonas_syringae_UB303_12214	T2	100
Pseudomonas_syringae_UMAF0158_3878	T2	100
Pseudomonas_syringae_pv_syringae_B64_281	T1	100
Pseudomonas_syringae_pv_syringae_41a_3079	T1	100
Pseudomonas_syringae_ICMP_4122_6689	T1	97
Pseudomonas_syringae_pv_syringae_Alf3_2478	T2	99
Pseudomonas_syringae_pv_syringae_PssA1M201_17710	T1	100
Pseudomonas_syringae_pv_syringae_B301D_3084	T1	100
Pseudomonas_syringae_pv_syringae_B48_20739	T1	100
Pseudomonas_syringae_pv_syringae_PssA1M140_20740	T1	97
Pseudomonas_syringae_isolate_CFBP2118_5951	T1	97
Pseudomonas_syringae_pv_syringae_Pss9644_17750	T1	97
Pseudomonas_syringae_pv_syringae_PssA1M262_17714	T1	97
Pseudomonas_syringae_isolate_CFBP4215_6752	T1	97
Pseudomonas_syringae_pv_syringae_2340_3879	T2	100
Pseudomonas_syringae_pv_syringae_2339_3881	T2	100
Pseudomonas_syringae_pv_syringae_PssA1M250_17721	T2	100
Pseudomonas_syringae_2675C_6916	T2	100
Pseudomonas_syringae_pv_syringae_B728a_112	T2	100
Pseudomonas_syringae_pv_syringae_PssA1M197_17707	T2	100
Pseudomonas_syringae_pv_syringae_HO7_20736	T2	100
Pseudomonas_syringae_pv_syringae_529_11454	T2	100
Pseudomonas_syringae_pv_syringae_HS191_3083	T2	100
Pseudomonas_syringae_pv_syringae_EC33_20735	T2	100
Pseudomonas_syringae_2676C_6925	T2	100
Pseudomonas_syringae_pv_papulans_PSP1_20741	T2	100
Pseudomonas_syringae_ICMP_11293_3802	T2	100
Pseudomonas_syringae_260-02_11495	T2	99
Pseudomonas_syringae_1188_1_11471	T1	100
Pseudomonas_syringae_BS0292_5537	T1	100
Pseudomonas_syringae_BIM_B-268_17583	T1	100
Pseudomonas_syringae_2507_4122	T1	100
Pseudomonas_syringae_1845_4123	T1	100
Pseudomonas_syringae_Dr_447_1_17557	T2	100
Pseudomonas_syringae_BRIP34881_444	T2	100
Pseudomonas_syringae_BRIP65014-c_20724	T2	100
Pseudomonas_syringae_Erzin_2_17572	T2	100
Pseudomonas_syringae_Erzin_1_17571	T2	100
Pseudomonas_syringae_Erdemli_6_17567	T2	100
Pseudomonas_syringae_Erdemli_3_17569	T2	100
Pseudomonas_syringae_BRIP39023_442	T2	100
Pseudomonas_syringae_Dortyol_2015_6_17564	T2	100
Pseudomonas_syringae_NCPPB_3871_5835	T2	100
Pseudomonas_syringae_MUP32_20727	T1	100
Pseudomonas_syringae_CAS02_17541	T2	97
Pseudomonas_syringae_BS3827_5522	T2	100
Pseudomonas_syringae_BS3829_5514	T1	100
Pseudomonas_syringae_BS2900_5075	NA	49
Pseudomonas_syringae_pv_dysoxyli_CFBP_2356_12226	T2	100
Pseudomonas_syringae_pv_cilantro_0788_9_3786	T1	100
Pseudomonas_syringae_pv_lapsa_PslA1M171_17765	T1	100
Pseudomonas_syringae_pv_helianthi_LMG_5067_14836	T1	100
Pseudomonas_syringae_pv_lapsa_ATCC_10859_3811	T2	100
Pseudomonas_syringae_RAYR-BL_17598	T1	97
