Run	Plus_Modern	Minus_Modern	Binomial_p
1	5	3	0.7265625
2	6	2	0.2890625
3	6	2	0.2890625
4	8	0	0.0078125
5	7	1	0.0703125
6	7	1	0.0703125
7	6	2	0.2890625
8	7	1	0.0703125
9	8	0	0.0078125
10	8	0	0.0078125
11	7	1	0.0703125
12	7	1	0.0703125
13	7	1	0.0703125
14	6	2	0.2890625
15	7	1	0.0703125
16	6	2	0.2890625
17	6	2	0.2890625
18	6	2	0.2890625
19	7	1	0.0703125
20	7	1	0.0703125
21	7	1	0.0703125
22	4	4	1
23	6	2	0.2890625
24	7	1	0.0703125
25	6	2	0.2890625
26	8	0	0.0078125
27	7	1	0.0703125
28	8	0	0.0078125
29	5	3	0.7265625
30	8	0	0.0078125
31	6	2	0.2890625
32	8	0	0.0078125
33	7	1	0.0703125
34	6	2	0.2890625
35	6	2	0.2890625
36	6	2	0.2890625
37	5	3	0.7265625
38	7	1	0.0703125
39	8	0	0.0078125
40	7	1	0.0703125
41	4	4	1
42	8	0	0.0078125
43	7	1	0.0703125
44	6	2	0.2890625
45	7	1	0.0703125
46	7	1	0.0703125
47	6	2	0.2890625
48	7	1	0.0703125
49	7	1	0.0703125
50	6	2	0.2890625
51	7	1	0.0703125
52	6	2	0.2890625
53	6	2	0.2890625
54	8	0	0.0078125
55	5	3	0.7265625
56	6	2	0.2890625
57	8	0	0.0078125
58	7	1	0.0703125
59	7	1	0.0703125
60	7	1	0.0703125
61	8	0	0.0078125
62	6	2	0.2890625
63	7	1	0.0703125
64	8	0	0.0078125
65	7	1	0.0703125
66	6	2	0.2890625
67	7	1	0.0703125
68	6	2	0.2890625
69	8	0	0.0078125
70	8	0	0.0078125
71	7	1	0.0703125
72	6	2	0.2890625
73	7	1	0.0703125
74	7	1	0.0703125
75	7	1	0.0703125
76	6	2	0.2890625
77	7	1	0.0703125
78	7	1	0.0703125
79	7	1	0.0703125
80	5	3	0.7265625
81	8	0	0.0078125
82	7	1	0.0703125
83	8	0	0.0078125
84	8	0	0.0078125
85	7	1	0.0703125
86	8	0	0.0078125
87	5	3	0.7265625
88	7	1	0.0703125
89	8	0	0.0078125
90	5	3	0.7265625
91	6	2	0.2890625
92	8	0	0.0078125
93	7	1	0.0703125
94	7	1	0.0703125
95	6	2	0.2890625
96	3	5	0.7265625
97	6	2	0.2890625
98	7	1	0.0703125
99	6	2	0.2890625
100	8	0	0.0078125
101	8	0	0.0078125
102	6	2	0.2890625
103	7	1	0.0703125
104	6	2	0.2890625
105	7	1	0.0703125
106	6	2	0.2890625
107	6	2	0.2890625
108	4	4	1
109	8	0	0.0078125
110	7	1	0.0703125
111	8	0	0.0078125
112	7	1	0.0703125
113	7	1	0.0703125
114	8	0	0.0078125
115	7	1	0.0703125
116	7	1	0.0703125
117	8	0	0.0078125
118	5	3	0.7265625
119	7	1	0.0703125
120	7	1	0.0703125
121	6	2	0.2890625
122	7	1	0.0703125
123	6	2	0.2890625
124	8	0	0.0078125
125	7	1	0.0703125
126	8	0	0.0078125
127	5	3	0.7265625
128	6	2	0.2890625
129	7	1	0.0703125
130	7	1	0.0703125
131	6	2	0.2890625
132	7	1	0.0703125
133	7	1	0.0703125
134	7	1	0.0703125
135	8	0	0.0078125
136	8	0	0.0078125
137	7	1	0.0703125
138	6	2	0.2890625
139	8	0	0.0078125
140	7	1	0.0703125
141	6	2	0.2890625
142	7	1	0.0703125
143	5	3	0.7265625
144	6	2	0.2890625
145	7	1	0.0703125
146	6	2	0.2890625
147	6	2	0.2890625
148	6	2	0.2890625
149	7	1	0.0703125
150	7	1	0.0703125
151	7	1	0.0703125
152	5	3	0.7265625
153	8	0	0.0078125
154	6	2	0.2890625
155	7	1	0.0703125
156	6	2	0.2890625
157	8	0	0.0078125
158	8	0	0.0078125
159	5	3	0.7265625
160	6	2	0.2890625
161	8	0	0.0078125
162	6	2	0.2890625
163	6	2	0.2890625
164	8	0	0.0078125
165	8	0	0.0078125
166	6	2	0.2890625
167	6	2	0.2890625
168	5	3	0.7265625
169	5	3	0.7265625
170	7	1	0.0703125
171	8	0	0.0078125
172	7	1	0.0703125
173	5	3	0.7265625
174	8	0	0.0078125
175	6	2	0.2890625
176	5	3	0.7265625
177	6	2	0.2890625
178	7	1	0.0703125
179	7	1	0.0703125
180	5	3	0.7265625
181	5	3	0.7265625
182	8	0	0.0078125
183	7	1	0.0703125
184	7	1	0.0703125
185	6	2	0.2890625
186	7	1	0.0703125
187	6	2	0.2890625
188	5	3	0.7265625
189	7	1	0.0703125
190	8	0	0.0078125
191	7	1	0.0703125
192	8	0	0.0078125
193	5	3	0.7265625
194	7	1	0.0703125
195	7	1	0.0703125
196	6	2	0.2890625
197	7	1	0.0703125
198	8	0	0.0078125
199	6	2	0.2890625
200	7	1	0.0703125
201	7	1	0.0703125
202	6	2	0.2890625
203	7	1	0.0703125
204	7	1	0.0703125
205	6	2	0.2890625
206	5	3	0.7265625
207	6	2	0.2890625
208	7	1	0.0703125
209	4	4	1
210	6	2	0.2890625
211	8	0	0.0078125
212	5	3	0.7265625
213	7	1	0.0703125
214	5	3	0.7265625
215	8	0	0.0078125
216	6	2	0.2890625
217	5	3	0.7265625
218	6	2	0.2890625
219	7	1	0.0703125
220	8	0	0.0078125
221	6	2	0.2890625
222	6	2	0.2890625
223	8	0	0.0078125
224	7	1	0.0703125
225	5	3	0.7265625
226	8	0	0.0078125
227	7	1	0.0703125
228	5	3	0.7265625
229	6	2	0.2890625
230	5	3	0.7265625
231	8	0	0.0078125
232	8	0	0.0078125
233	7	1	0.0703125
234	7	1	0.0703125
235	8	0	0.0078125
236	8	0	0.0078125
237	6	2	0.2890625
238	8	0	0.0078125
239	7	1	0.0703125
240	8	0	0.0078125
241	4	4	1
242	5	3	0.7265625
243	8	0	0.0078125
244	6	2	0.2890625
245	6	2	0.2890625
246	8	0	0.0078125
247	7	1	0.0703125
248	5	3	0.7265625
249	8	0	0.0078125
250	7	1	0.0703125
251	8	0	0.0078125
252	7	1	0.0703125
253	8	0	0.0078125
254	7	1	0.0703125
255	7	1	0.0703125
256	6	2	0.2890625
257	7	1	0.0703125
258	7	1	0.0703125
259	7	1	0.0703125
260	7	1	0.0703125
261	7	1	0.0703125
262	7	1	0.0703125
263	6	2	0.2890625
264	7	1	0.0703125
265	8	0	0.0078125
266	6	2	0.2890625
267	7	1	0.0703125
268	7	1	0.0703125
269	8	0	0.0078125
270	6	2	0.2890625
271	8	0	0.0078125
272	6	2	0.2890625
273	7	1	0.0703125
274	7	1	0.0703125
275	8	0	0.0078125
276	6	2	0.2890625
277	8	0	0.0078125
278	7	1	0.0703125
279	7	1	0.0703125
280	8	0	0.0078125
281	8	0	0.0078125
282	7	1	0.0703125
283	6	2	0.2890625
284	6	2	0.2890625
285	8	0	0.0078125
286	7	1	0.0703125
287	6	2	0.2890625
288	6	2	0.2890625
289	6	2	0.2890625
290	7	1	0.0703125
291	7	1	0.0703125
292	8	0	0.0078125
293	7	1	0.0703125
294	7	1	0.0703125
295	7	1	0.0703125
296	5	3	0.7265625
297	7	1	0.0703125
298	8	0	0.0078125
299	8	0	0.0078125
300	5	3	0.7265625
301	8	0	0.0078125
302	5	3	0.7265625
303	7	1	0.0703125
304	6	2	0.2890625
305	7	1	0.0703125
306	5	3	0.7265625
307	5	3	0.7265625
308	7	1	0.0703125
309	5	3	0.7265625
310	8	0	0.0078125
311	7	1	0.0703125
312	8	0	0.0078125
313	8	0	0.0078125
314	7	1	0.0703125
315	7	1	0.0703125
316	4	4	1
317	7	1	0.0703125
318	6	2	0.2890625
319	4	4	1
320	5	3	0.7265625
321	7	1	0.0703125
322	7	1	0.0703125
323	8	0	0.0078125
324	8	0	0.0078125
325	3	5	0.7265625
326	7	1	0.0703125
327	8	0	0.0078125
328	5	3	0.7265625
329	7	1	0.0703125
330	7	1	0.0703125
331	7	1	0.0703125
332	7	1	0.0703125
333	6	2	0.2890625
334	8	0	0.0078125
335	8	0	0.0078125
336	6	2	0.2890625
337	8	0	0.0078125
338	7	1	0.0703125
339	7	1	0.0703125
340	5	3	0.7265625
341	7	1	0.0703125
342	8	0	0.0078125
343	6	2	0.2890625
344	7	1	0.0703125
345	6	2	0.2890625
346	8	0	0.0078125
347	7	1	0.0703125
348	7	1	0.0703125
349	8	0	0.0078125
350	5	3	0.7265625
351	8	0	0.0078125
352	6	2	0.2890625
353	7	1	0.0703125
354	5	3	0.7265625
355	8	0	0.0078125
356	7	1	0.0703125
357	6	2	0.2890625
358	5	3	0.7265625
359	6	2	0.2890625
360	7	1	0.0703125
361	5	3	0.7265625
362	5	3	0.7265625
363	7	1	0.0703125
364	6	2	0.2890625
365	6	2	0.2890625
366	5	3	0.7265625
367	7	1	0.0703125
368	7	1	0.0703125
369	8	0	0.0078125
370	6	2	0.2890625
371	6	2	0.2890625
372	6	2	0.2890625
373	7	1	0.0703125
374	7	1	0.0703125
375	5	3	0.7265625
376	6	2	0.2890625
377	6	2	0.2890625
378	7	1	0.0703125
379	7	1	0.0703125
380	7	1	0.0703125
381	6	2	0.2890625
382	8	0	0.0078125
383	6	2	0.2890625
384	7	1	0.0703125
385	8	0	0.0078125
386	7	1	0.0703125
387	8	0	0.0078125
388	8	0	0.0078125
389	8	0	0.0078125
390	7	1	0.0703125
391	6	2	0.2890625
392	7	1	0.0703125
393	6	2	0.2890625
394	7	1	0.0703125
395	8	0	0.0078125
396	6	2	0.2890625
397	6	2	0.2890625
398	5	3	0.7265625
399	8	0	0.0078125
400	7	1	0.0703125
401	6	2	0.2890625
402	8	0	0.0078125
403	7	1	0.0703125
404	7	1	0.0703125
405	7	1	0.0703125
406	7	1	0.0703125
407	7	1	0.0703125
408	6	2	0.2890625
409	7	1	0.0703125
410	8	0	0.0078125
411	8	0	0.0078125
412	7	1	0.0703125
413	7	1	0.0703125
414	6	2	0.2890625
415	7	1	0.0703125
416	7	1	0.0703125
417	7	1	0.0703125
418	6	2	0.2890625
419	7	1	0.0703125
420	5	3	0.7265625
421	5	3	0.7265625
422	7	1	0.0703125
423	7	1	0.0703125
424	5	3	0.7265625
425	8	0	0.0078125
426	8	0	0.0078125
427	5	3	0.7265625
428	7	1	0.0703125
429	6	2	0.2890625
430	5	3	0.7265625
431	6	2	0.2890625
432	7	1	0.0703125
433	5	3	0.7265625
434	6	2	0.2890625
435	8	0	0.0078125
436	7	1	0.0703125
437	6	2	0.2890625
438	7	1	0.0703125
439	7	1	0.0703125
440	8	0	0.0078125
441	7	1	0.0703125
442	7	1	0.0703125
443	6	2	0.2890625
444	8	0	0.0078125
445	8	0	0.0078125
446	7	1	0.0703125
447	8	0	0.0078125
448	6	2	0.2890625
449	6	2	0.2890625
450	7	1	0.0703125
451	6	2	0.2890625
452	4	4	1
453	7	1	0.0703125
454	7	1	0.0703125
455	7	1	0.0703125
456	7	1	0.0703125
457	6	2	0.2890625
458	7	1	0.0703125
459	7	1	0.0703125
460	7	1	0.0703125
461	6	2	0.2890625
462	7	1	0.0703125
463	7	1	0.0703125
464	7	1	0.0703125
465	7	1	0.0703125
466	7	1	0.0703125
467	7	1	0.0703125
468	6	2	0.2890625
469	8	0	0.0078125
470	6	2	0.2890625
471	7	1	0.0703125
472	7	1	0.0703125
473	8	0	0.0078125
474	4	4	1
475	8	0	0.0078125
476	7	1	0.0703125
477	8	0	0.0078125
478	8	0	0.0078125
479	7	1	0.0703125
480	7	1	0.0703125
481	5	3	0.7265625
482	8	0	0.0078125
483	7	1	0.0703125
484	5	3	0.7265625
485	7	1	0.0703125
486	7	1	0.0703125
487	8	0	0.0078125
488	5	3	0.7265625
489	7	1	0.0703125
490	6	2	0.2890625
491	7	1	0.0703125
492	7	1	0.0703125
493	7	1	0.0703125
494	7	1	0.0703125
495	7	1	0.0703125
496	8	0	0.0078125
497	8	0	0.0078125
498	7	1	0.0703125
499	6	2	0.2890625
500	6	2	0.2890625
501	6	2	0.2890625
502	7	1	0.0703125
503	6	2	0.2890625
504	5	3	0.7265625
505	8	0	0.0078125
506	6	2	0.2890625
507	7	1	0.0703125
508	7	1	0.0703125
509	7	1	0.0703125
510	6	2	0.2890625
511	6	2	0.2890625
512	8	0	0.0078125
513	8	0	0.0078125
514	7	1	0.0703125
515	8	0	0.0078125
516	5	3	0.7265625
517	8	0	0.0078125
518	6	2	0.2890625
519	6	2	0.2890625
520	6	2	0.2890625
521	6	2	0.2890625
522	7	1	0.0703125
523	6	2	0.2890625
524	7	1	0.0703125
525	8	0	0.0078125
526	8	0	0.0078125
527	8	0	0.0078125
528	7	1	0.0703125
529	6	2	0.2890625
530	7	1	0.0703125
531	7	1	0.0703125
532	7	1	0.0703125
533	5	3	0.7265625
534	6	2	0.2890625
535	6	2	0.2890625
536	6	2	0.2890625
537	6	2	0.2890625
538	7	1	0.0703125
539	7	1	0.0703125
540	6	2	0.2890625
541	6	2	0.2890625
542	8	0	0.0078125
543	5	3	0.7265625
544	8	0	0.0078125
545	8	0	0.0078125
546	7	1	0.0703125
547	8	0	0.0078125
548	8	0	0.0078125
549	7	1	0.0703125
550	7	1	0.0703125
551	6	2	0.2890625
552	6	2	0.2890625
553	7	1	0.0703125
554	4	4	1
555	7	1	0.0703125
556	8	0	0.0078125
557	5	3	0.7265625
558	8	0	0.0078125
559	5	3	0.7265625
560	7	1	0.0703125
561	8	0	0.0078125
562	7	1	0.0703125
563	7	1	0.0703125
564	6	2	0.2890625
565	6	2	0.2890625
566	6	2	0.2890625
567	5	3	0.7265625
568	7	1	0.0703125
569	8	0	0.0078125
570	7	1	0.0703125
571	7	1	0.0703125
572	8	0	0.0078125
573	7	1	0.0703125
574	7	1	0.0703125
575	7	1	0.0703125
576	6	2	0.2890625
577	6	2	0.2890625
578	8	0	0.0078125
579	6	2	0.2890625
580	7	1	0.0703125
581	6	2	0.2890625
582	5	3	0.7265625
583	7	1	0.0703125
584	6	2	0.2890625
585	6	2	0.2890625
586	6	2	0.2890625
587	7	1	0.0703125
588	6	2	0.2890625
589	7	1	0.0703125
590	5	3	0.7265625
591	6	2	0.2890625
592	8	0	0.0078125
593	6	2	0.2890625
594	8	0	0.0078125
595	7	1	0.0703125
596	5	3	0.7265625
597	7	1	0.0703125
598	7	1	0.0703125
599	7	1	0.0703125
600	6	2	0.2890625
601	7	1	0.0703125
602	8	0	0.0078125
603	7	1	0.0703125
604	8	0	0.0078125
605	8	0	0.0078125
606	7	1	0.0703125
607	6	2	0.2890625
608	6	2	0.2890625
609	6	2	0.2890625
610	5	3	0.7265625
611	6	2	0.2890625
612	6	2	0.2890625
613	7	1	0.0703125
614	8	0	0.0078125
615	7	1	0.0703125
616	7	1	0.0703125
617	5	3	0.7265625
618	6	2	0.2890625
619	7	1	0.0703125
620	8	0	0.0078125
621	6	2	0.2890625
622	7	1	0.0703125
623	6	2	0.2890625
624	8	0	0.0078125
625	7	1	0.0703125
626	8	0	0.0078125
627	7	1	0.0703125
628	8	0	0.0078125
629	6	2	0.2890625
630	8	0	0.0078125
631	6	2	0.2890625
632	7	1	0.0703125
633	7	1	0.0703125
634	7	1	0.0703125
635	8	0	0.0078125
636	6	2	0.2890625
637	8	0	0.0078125
638	7	1	0.0703125
639	7	1	0.0703125
640	6	2	0.2890625
641	7	1	0.0703125
642	6	2	0.2890625
643	8	0	0.0078125
644	6	2	0.2890625
645	5	3	0.7265625
646	5	3	0.7265625
647	8	0	0.0078125
648	7	1	0.0703125
649	6	2	0.2890625
650	6	2	0.2890625
651	6	2	0.2890625
652	7	1	0.0703125
653	8	0	0.0078125
654	6	2	0.2890625
655	6	2	0.2890625
656	6	2	0.2890625
657	7	1	0.0703125
658	8	0	0.0078125
659	7	1	0.0703125
660	7	1	0.0703125
661	5	3	0.7265625
662	5	3	0.7265625
663	6	2	0.2890625
664	6	2	0.2890625
665	7	1	0.0703125
666	7	1	0.0703125
667	8	0	0.0078125
668	7	1	0.0703125
669	5	3	0.7265625
670	6	2	0.2890625
671	6	2	0.2890625
672	6	2	0.2890625
673	6	2	0.2890625
674	6	2	0.2890625
675	6	2	0.2890625
676	5	3	0.7265625
677	7	1	0.0703125
678	8	0	0.0078125
679	8	0	0.0078125
680	7	1	0.0703125
681	8	0	0.0078125
682	8	0	0.0078125
683	4	4	1
684	7	1	0.0703125
685	7	1	0.0703125
686	8	0	0.0078125
687	6	2	0.2890625
688	6	2	0.2890625
689	6	2	0.2890625
690	7	1	0.0703125
691	7	1	0.0703125
692	7	1	0.0703125
693	6	2	0.2890625
694	7	1	0.0703125
695	7	1	0.0703125
696	6	2	0.2890625
697	7	1	0.0703125
698	5	3	0.7265625
699	8	0	0.0078125
700	8	0	0.0078125
701	6	2	0.2890625
702	7	1	0.0703125
703	8	0	0.0078125
704	6	2	0.2890625
705	4	4	1
706	6	2	0.2890625
707	7	1	0.0703125
708	5	3	0.7265625
709	7	1	0.0703125
710	8	0	0.0078125
711	6	2	0.2890625
712	7	1	0.0703125
713	7	1	0.0703125
714	7	1	0.0703125
715	6	2	0.2890625
716	6	2	0.2890625
717	7	1	0.0703125
718	6	2	0.2890625
719	7	1	0.0703125
720	8	0	0.0078125
721	8	0	0.0078125
722	7	1	0.0703125
723	7	1	0.0703125
724	8	0	0.0078125
725	6	2	0.2890625
726	8	0	0.0078125
727	8	0	0.0078125
728	7	1	0.0703125
729	4	4	1
730	5	3	0.7265625
731	8	0	0.0078125
732	7	1	0.0703125
733	8	0	0.0078125
734	7	1	0.0703125
735	8	0	0.0078125
736	7	1	0.0703125
737	6	2	0.2890625
738	5	3	0.7265625
739	7	1	0.0703125
740	7	1	0.0703125
741	6	2	0.2890625
742	6	2	0.2890625
743	7	1	0.0703125
744	7	1	0.0703125
745	7	1	0.0703125
746	5	3	0.7265625
747	5	3	0.7265625
748	7	1	0.0703125
749	5	3	0.7265625
750	7	1	0.0703125
751	6	2	0.2890625
752	7	1	0.0703125
753	8	0	0.0078125
754	8	0	0.0078125
755	8	0	0.0078125
756	8	0	0.0078125
757	5	3	0.7265625
758	7	1	0.0703125
759	8	0	0.0078125
760	6	2	0.2890625
761	7	1	0.0703125
762	7	1	0.0703125
763	7	1	0.0703125
764	7	1	0.0703125
765	8	0	0.0078125
766	7	1	0.0703125
767	7	1	0.0703125
768	5	3	0.7265625
769	8	0	0.0078125
770	7	1	0.0703125
771	6	2	0.2890625
772	4	4	1
773	8	0	0.0078125
774	7	1	0.0703125
775	7	1	0.0703125
776	5	3	0.7265625
777	5	3	0.7265625
778	4	4	1
779	6	2	0.2890625
780	6	2	0.2890625
781	7	1	0.0703125
782	7	1	0.0703125
783	6	2	0.2890625
784	7	1	0.0703125
785	8	0	0.0078125
786	8	0	0.0078125
787	7	1	0.0703125
788	5	3	0.7265625
789	6	2	0.2890625
790	5	3	0.7265625
791	6	2	0.2890625
792	7	1	0.0703125
793	6	2	0.2890625
794	7	1	0.0703125
795	5	3	0.7265625
796	7	1	0.0703125
797	7	1	0.0703125
798	7	1	0.0703125
799	7	1	0.0703125
800	7	1	0.0703125
801	7	1	0.0703125
802	8	0	0.0078125
803	6	2	0.2890625
804	8	0	0.0078125
805	7	1	0.0703125
806	6	2	0.2890625
807	7	1	0.0703125
808	7	1	0.0703125
809	8	0	0.0078125
810	6	2	0.2890625
811	6	2	0.2890625
812	8	0	0.0078125
813	7	1	0.0703125
814	7	1	0.0703125
815	7	1	0.0703125
816	7	1	0.0703125
817	7	1	0.0703125
818	6	2	0.2890625
819	6	2	0.2890625
820	6	2	0.2890625
821	5	3	0.7265625
822	8	0	0.0078125
823	7	1	0.0703125
824	5	3	0.7265625
825	7	1	0.0703125
826	5	3	0.7265625
827	7	1	0.0703125
828	7	1	0.0703125
829	8	0	0.0078125
830	8	0	0.0078125
831	6	2	0.2890625
832	6	2	0.2890625
833	8	0	0.0078125
834	6	2	0.2890625
835	4	4	1
836	7	1	0.0703125
837	7	1	0.0703125
838	7	1	0.0703125
839	7	1	0.0703125
840	7	1	0.0703125
841	6	2	0.2890625
842	6	2	0.2890625
843	5	3	0.7265625
844	7	1	0.0703125
845	8	0	0.0078125
846	7	1	0.0703125
847	7	1	0.0703125
848	8	0	0.0078125
849	8	0	0.0078125
850	5	3	0.7265625
851	8	0	0.0078125
852	6	2	0.2890625
853	7	1	0.0703125
854	6	2	0.2890625
855	7	1	0.0703125
856	8	0	0.0078125
857	7	1	0.0703125
858	7	1	0.0703125
859	6	2	0.2890625
860	8	0	0.0078125
861	8	0	0.0078125
862	5	3	0.7265625
863	7	1	0.0703125
864	6	2	0.2890625
865	7	1	0.0703125
866	6	2	0.2890625
867	6	2	0.2890625
868	6	2	0.2890625
869	5	3	0.7265625
870	7	1	0.0703125
871	7	1	0.0703125
872	8	0	0.0078125
873	7	1	0.0703125
874	7	1	0.0703125
875	6	2	0.2890625
876	8	0	0.0078125
877	6	2	0.2890625
878	7	1	0.0703125
879	5	3	0.7265625
880	7	1	0.0703125
881	7	1	0.0703125
882	6	2	0.2890625
883	7	1	0.0703125
884	6	2	0.2890625
885	5	3	0.7265625
886	7	1	0.0703125
887	8	0	0.0078125
888	7	1	0.0703125
889	6	2	0.2890625
890	7	1	0.0703125
891	6	2	0.2890625
892	7	1	0.0703125
893	6	2	0.2890625
894	7	1	0.0703125
895	7	1	0.0703125
896	6	2	0.2890625
897	8	0	0.0078125
898	7	1	0.0703125
899	6	2	0.2890625
900	5	3	0.7265625
901	8	0	0.0078125
902	6	2	0.2890625
903	8	0	0.0078125
904	8	0	0.0078125
905	4	4	1
906	7	1	0.0703125
907	6	2	0.2890625
908	6	2	0.2890625
909	5	3	0.7265625
910	6	2	0.2890625
911	8	0	0.0078125
912	3	5	0.7265625
913	7	1	0.0703125
914	6	2	0.2890625
915	7	1	0.0703125
916	7	1	0.0703125
917	8	0	0.0078125
918	4	4	1
919	7	1	0.0703125
920	8	0	0.0078125
921	7	1	0.0703125
922	8	0	0.0078125
923	6	2	0.2890625
924	8	0	0.0078125
925	7	1	0.0703125
926	8	0	0.0078125
927	6	2	0.2890625
928	6	2	0.2890625
929	7	1	0.0703125
930	8	0	0.0078125
931	7	1	0.0703125
932	6	2	0.2890625
933	8	0	0.0078125
934	6	2	0.2890625
935	8	0	0.0078125
936	7	1	0.0703125
937	6	2	0.2890625
938	8	0	0.0078125
939	6	2	0.2890625
940	7	1	0.0703125
941	7	1	0.0703125
942	8	0	0.0078125
943	7	1	0.0703125
944	7	1	0.0703125
945	6	2	0.2890625
946	6	2	0.2890625
947	6	2	0.2890625
948	8	0	0.0078125
949	7	1	0.0703125
950	5	3	0.7265625
951	7	1	0.0703125
952	8	0	0.0078125
953	5	3	0.7265625
954	7	1	0.0703125
955	6	2	0.2890625
956	7	1	0.0703125
957	5	3	0.7265625
958	7	1	0.0703125
959	7	1	0.0703125
960	6	2	0.2890625
961	6	2	0.2890625
962	8	0	0.0078125
963	7	1	0.0703125
964	7	1	0.0703125
965	7	1	0.0703125
966	7	1	0.0703125
967	6	2	0.2890625
968	5	3	0.7265625
969	8	0	0.0078125
970	6	2	0.2890625
971	8	0	0.0078125
972	5	3	0.7265625
973	7	1	0.0703125
974	6	2	0.2890625
975	7	1	0.0703125
976	6	2	0.2890625
977	4	4	1
978	7	1	0.0703125
979	7	1	0.0703125
980	7	1	0.0703125
981	7	1	0.0703125
982	6	2	0.2890625
983	7	1	0.0703125
984	5	3	0.7265625
985	7	1	0.0703125
986	5	3	0.7265625
987	7	1	0.0703125
988	8	0	0.0078125
989	8	0	0.0078125
990	6	2	0.2890625
991	7	1	0.0703125
992	6	2	0.2890625
993	8	0	0.0078125
994	7	1	0.0703125
995	8	0	0.0078125
996	7	1	0.0703125
997	6	2	0.2890625
998	6	2	0.2890625
999	6	2	0.2890625
1000	7	1	0.0703125
